ID,Test Name,Year,Session,Subject,Number,Question,image,law,Option 1,Option 2,Option 3,Option 4,Answer,문제번호,모델명,총문제수,정답수,추출실패,정확도(%),총소요시간(초),문제당평균시간(초),입력토큰,출력토큰,총토큰,비용수준,비용($),예측답,정답여부,모델응답,프롬프트,Unnamed: 14
1,소방안전교육사,2018,A,교육학개론,80,다음 제시문의 설명에 해당하는 교육과정은?\n\n◯ 아이즈너(E. Eisner)가 쓴 책 ≪The educational imagination≫을 통해 소개되었다.\n◯ 학교에서 가르쳐야 할 중요한 내용이 있음에도 불구하고 공식적인 교육과정에 포함되지 않은 것을 뜻한다.,text_only,,영(零) 교육과정,잠재적 교육과정,명시적 교육과정,실제적 교육과정,1,1,Human,300,0,0,0.0,2.255613256458765,2.255613256458765,0,0,0,N/A,0.0,3,False,3,N/A - Human Test,
2,소방안전교육사,2022,A,교육학개론,76,형식적 교육에 관한 설명으로 옳은 것은?,text_only,,형식적 교육은 교육의 3요소가 필요 없다.,가정교육은 형식적 교육의 대표적 유형이다.,학교의 소방안전 교육은 형식적 교육에 속한다.,"형식적 교육은 비의도적, 비체계적으로 이루어진다.",3,2,Human,300,1,0,50.0,5.044371464444147,2.7887582079853823,0,0,0,N/A,0.0,3,True,3,N/A - Human Test,
3,소방안전교육사,2016,A,재난관리론,67,자연재해대책법령상 ( )안에 들어갈 내용으로 옳은 것은?\n\n대규모 재해복구사업은 법 제46조제2항에 따라 확정·통보된 재해복구계획을 기준으로 총 복구비(용지보상비를 포함한다)가 ( ) 이상인 사업을 말한다.,text_only,O,20억원,30억원,40억원,50억원,4,3,Human,300,1,0,33.33333333333333,7.669085071959802,2.5837024573982217,0,0,0,N/A,0.0,3,False,3,N/A - Human Test,
4,소방안전교육사,2018,A,재난관리론,69,자연재해대책법령상 수해 내구성강화를 위하여 수방기준을 정하여야 하는 시설물이 아닌 것은?,text_only,O,「하천법」 제2조제3호에 따른 하천시설,「댐건설 및 주변지역지원 등에 관한 법률」 제2조제1호에 따른 댐,「사방사업법」 제2조제3호에 따른 농업생산기반시설,「국토의 계획 및 이용에 관한 법률」 제2조제6호에 따른 기반시설,3,4,Human,300,2,0,50.0,9.965709478535999,2.296624406576197,0,0,0,N/A,0.0,3,True,3,N/A - Human Test,
5,소방안전교육사,2022,A,재난관리론,73,자연재해대책법령상 재해 유형별 행동 요령으로 대비단계에 포함되는 사항으로 옳은 것은?,text_only,O,보건위생 및 쓰레기 처리에 관한 사항,피해 발생이 우려되는 시설의 점검 · 관리에 관한 사항,통신 · 전력 · 가스 · 수도 등 국민생활에 필수적인 시설의 응급복구에 관한 사항,방재물자 · 통원장비의 확보 · 지정 및 관리에 관한 사항,2,5,Human,300,3,0,60.0,12.426378485581923,2.4606690070459254,0,0,0,N/A,0.0,2,True,2,N/A - Human Test,
6,소방안전교육사,2019,B,구급 및 응급처치론,39,신경학적 검사 중 글래스고우 혼수 척도(GCS)의 평가점수로 옳은 것은?,text_only,,명령에 따라 눈을 뜬다: 개안반응 점수 4점,질문에 정확한 답변을 구사한다: 언어반응 점수 5점,자극을 주면 비정상적으로 팔을 굴곡한다: 운동반응 점수 4점,자극을 주면 비정상적으로 팔을 신전한다: 운동반응 점수 3점,2,6,Human,300,4,0,66.66666666666666,14.969069792862713,2.5426913072807897,0,0,0,N/A,0.0,2,True,2,N/A - Human Test,
7,소방안전교육사,2014,A,구급 및 응급처치론,36,"소아가 뜨거운 물에 흉복부 앞면, 생식기, 양쪽 다리 전체에 2도 화상을 입었다. '9의 법칙'에 의한 화상의 범위는?",text_only,,28%,37%,46%,55%,3,7,Human,300,5,0,71.42857142857143,17.306705349556342,2.296624406576197,0,0,0,N/A,0.0,3,True,3,N/A - Human Test,
8,소방안전교육사,2022,A,재난관리론,58,긴급구조대응활동 및 현장지휘에 관한 규칙상 표준지휘조직도에서 대응계획부의 업무로 옳은 것은?,text_only,,자원대기소 운영 및 교대조 관리,유관기관과 언론 및 보고에 관한 사항,재난상황정보의 수집 · 분석 및 상황예측,소속기관 일무수행지역의 현장 안전진단 및 안전조치,3,8,Human,300,6,0,75.0,20.01344125730686,2.706735907750518,0,0,0,N/A,0.0,3,True,3,N/A - Human Test,
9,소방안전교육사,2018,A,교육학개론,77,다음 제시문과 같이 학력(學歷)상승의 원인을 설명하는 이론은?\n\n◯ 학력(學歷)은 개인의 능력과 노력의 수준을 나타내는 공인된 '품질증명'이 되었다.\n◯ 남보다 한 단계라도 더 높은 학력(學歷)을 가지고 있는 것이 사회적 지위의 경쟁에서 유리하기 때문에 상급학교의 졸업장을 받으려 한다.\n◯ 학력(學歷)이 사회적 지위 획득의 수단이기 때문에 사람들이 높은 학력을 취득하고자 한다.,text_only,,학습욕구이론,지위경쟁이론,기술기능이론,국민통합이론,2,9,Human,300,7,0,77.77777777777779,22.55613256458765,2.5016801571633573,0,0,0,N/A,0.0,2,True,2,N/A - Human Test,
10,소방안전교육사,2022,A,구급 및 응급처치론,43,"병원 밖 심장정지 생존사슬에서 첫 번째 단계는? (단, 2020년 한국형 심폐소생술 가이드라인을 따른다.)",text_only,O,제세동,전문소생술,목격자 심폐소생술,심장정지 인지 · 구조요청,4,10,Human,300,8,0,80.0,24.606690070459255,2.0505575058716046,0,0,0,N/A,0.0,4,True,4,N/A - Human Test,
11,소방안전교육사,2020,B,재난관리론,63,재난 및 안전관리 기본법령상 집중안전점검기간 운영계획에 포함되어야 하는 사항이 아닌 것은?,text_only,O,"집중 안전점검 기간, 추진 일정, 점검 대상 및 방법에 관한 사항",재난예방 및 국민의 안전의식 개선에 관한 사항,집중 안전점검 기간 운영 실적 평가에 관한 사항,집중 안전점검 결과에 대한 이력관리 및 사전조치 등에 관한 사항,4,11,Human,300,9,0,81.81818181818183,26.53421412597856,1.8865129054018763,0,0,0,N/A,0.0,4,True,4,N/A - Human Test,
12,소방안전교육사,2014,A,소방학개론,16,고압가스 안전관리법령상 고압가스 저장의 안전유지기준으로 옳지 않은 것은?,text_only,O,용기보관장소의 주위 2m 이내에는 화기 또는 인화성물질이나 발화성물질을 두지 않을 것,"충전용기는 항상 55°C 이하의 온도를 유지하고, 직사광선을 받지 않도록 조치할 것",충전용기와 잔가스용기는 각각 구분하여 용기보관장소에 놓을 것,가연성가스 용기보관장소에는 방폭형 휴대용 손전등 외의 등화를 지니고 들어가지 않을 것,2,12,Human,300,9,0,75.0,28.174660130675846,1.6404460046972837,0,0,0,N/A,0.0,3,False,3,N/A - Human Test,
13,소방안전교육사,2019,B,소방학개론,7,다음 현상의 원인으로 옳지 않은 것은?\n\n기체연료를 연소시킬 때 발생하는 이상연소 현상으로 불꽃이 연소기 내로 전파되어 연소하는 현상,text_only,,혼합가스의 압력이 비정상적으로 낮을 때,혼합가스의 양이 너무 적을 때,연소속도보다 혼합가스의 분출속도가 빠를 때,노즐의 부식 등으로 분출 구멍이 커진 경우,3,13,Human,300,10,0,76.92307692307693,30.061173036077722,1.8865129054018763,0,0,0,N/A,0.0,3,True,3,N/A - Human Test,
14,소방안전교육사,2020,B,구급 및 응급처치론,33,의식이 없는 열사병 환자의 응급처치로 옳지 않은 것은?,text_only,,환자를 더운 환경에서 서늘하고 그늘진 곳으로 옮긴다.,환자의 의복을 제거하고 젖은 타월이나 시트로 환자를 덮고 부채로 바람을 불어준다.,체온을 천천히 떨어뜨린다.,심정지 시에는 신속히 심폐소생술을 시행한다.,3,14,Human,300,11,0,78.57142857142857,34.08026574758607,4.019092711508345,0,0,0,N/A,0.0,3,True,3,N/A - Human Test,
15,소방안전교육사,2018,A,재난관리론,60,"재난 및 안전관리 기본법상 재난경보의 수립·전파, 상황관리, 재난발생 시 초동조치 및 지휘 등의 업무를 수행하기 위하여 설치하는 것은?",text_only,O,재난안전대책본부,재난안전상황실,사고수습본부,긴급구조통제단,2,15,Human,300,12,0,80.0,36.171834403575104,2.0915686559890365,0,0,0,N/A,0.0,2,True,2,N/A - Human Test,
16,소방안전교육사,2019,B,구급 및 응급처치론,37,"호흡곤란 환자에게 분당 10 L의 유량(유속)으로 산소를 투여하려한다. 유량계(압력계)가 1,200 psi를 나타내고 있다면 산소통의 사용 가능시간은? (단, M형 산소통 상수는 1.56, 안전잔류량은 200 psi 이다.)",text_only,,156 분,166 분,176 분,186 분,1,16,Human,300,12,0,75.0,39.57575986332197,3.4449366098642957,0,0,0,N/A,0.0,2,False,2,N/A - Human Test,
17,소방안전교육사,2022,A,교육학개론,99,선다형 문항의 장점으로 옳은 것은?,text_only,,학습내용의 많은 영역을 측정할 수 있다.,문항 제작이 상대적으로 쉽다.,응답 반응의 자유도가 높다.,"창의력, 비판력, 문제해결능력 등 고등정신능력을 측정하기가 용이하다.",1,17,Human,300,13,0,76.47058823529412,41.585306219076145,1.9685352056367402,0,0,0,N/A,0.0,1,True,1,N/A - Human Test,
18,소방안전교육사,2019,B,재난관리론,58,다음 내용이 해당하는 재난관리단계는?\n\nO 위기상담\nO 피해평가\nO 특별재난지역의 선포 및 지원,text_only,,예방단계,대비단계,대응단계,복구단계,4,18,Human,300,13,0,72.22222222222221,45.03024282894044,3.4449366098642957,0,0,0,N/A,0.0,1,False,1,N/A - Human Test,
19,소방안전교육사,2019,B,교육학개론,98,교육의 3요소에 해당하지 않는 것은?,text_only,,교수자,학습자,교육내용,교육기간,4,19,Human,300,14,0,73.68421052631578,47.36787838563407,2.337635556693629,0,0,0,N/A,0.0,4,True,4,N/A - Human Test,
20,소방안전교육사,2019,B,교육학개론,76,학교에서 의도하지는 않았으나 수업 또는 학교의 관행으로 학생들이 은연중에 배우게 되는 교육과정은?,text_only,,잠재적(latent) 교육과정,영(null) 교육과정,교과외 교육과정,수준별 교육과정,1,20,Human,300,15,0,75.0,49.78753624256256,2.4196578569284934,0,0,0,N/A,0.0,1,True,1,N/A - Human Test,
21,소방안전교육사,2014,A,재난관리론,58,재난시 기자회견 방법으로 옳지 않은 것은?,text_only,,그래프 또는 차트를 사용하여 답변한다.,사실에 근거하여 정직한 인터뷰를 한다.,잘못된 정보에 대하여 정중하게 반박한다.,시청자를 고려하여 기술적인 전문용어를 사용한다.,4,21,Human,300,16,0,76.19047619047619,52.33022754984335,2.5426913072807897,0,0,0,N/A,0.0,4,True,4,N/A - Human Test,
22,소방안전교육사,2019,B,구급 및 응급처치론,40,포켓마스크에 관한 설명으로 옳지 않은 것은?,text_only,,일-방향 밸브는 환자로부터 배출된 공기나 이물질이 구조자의 입으로 들어가는 것을 막아주는 장점이 있다.,성인 환자에게 적용할 때 얼굴에 밀착시켜 빠졌한 폭이 턱에 위치하도록 한다.,영아에게 성인용 포켓마스크를 적용할 수 있다.,구조자가 두손으로 마스크를 밀착시켜 환자의 기도를 유지하기가 용이하다.,2,22,Human,300,17,0,77.27272727272727,55.857186459942504,3.5269589100991596,0,0,0,N/A,0.0,2,True,2,N/A - Human Test,
23,소방안전교육사,2018,A,교육학개론,93,다음 제시문에서 설명하는 동기에 해당하는 것은?\n\n◯ 다른 사람과 비교해 명칭하거나 부족해 보이는 것을 피하고자 함\n◯ 상대적 기준을 사용해 시험에서 가장 낮은 점수를 받거나 학급에서 가장 못 하는 학생이 되는 것을 회피하고자 함,text_only,,숙달접근정향,숙달회피정향,수행접근정향,수행회피정향,4,23,Human,300,18,0,78.26086956521739,58.03077741616641,2.173590956223901,0,0,0,N/A,0.0,4,True,4,N/A - Human Test,
24,소방안전교육사,2022,A,재난관리론,64,재난 및 안전관리 기본법령상 과태료의 부과대상에 해당하는 자로 옳지 않은 것은?,text_only,O,대피명령을 위반한 자,안전조치명령을 이행하지 아니한 자,위험구역에서의 퇴거명령을 위반한 자,재난취약시설 보험 또는 공제에 가입하지 않은 자,2,24,Human,300,18,0,75.0,60.16335722227288,2.132579806106469,0,0,0,N/A,0.0,3,False,3,N/A - Human Test,
25,소방안전교육사,2016,A,재난관리론,62,재난 및 안전관리 기본법령상 재난분야 위기관리 매뉴얼의 작성·운용에 관한 설명으로 옳은 것은?,text_only,O,위기대응 실무매뉴얼은 국가적 차원에서 관리가 필요한 재난에 대하여 재난관리 체계와 관계 기관의 임무와 역할을 규정한 문서이다.,현장조치 행동매뉴얼은 위기관리 표준매뉴얼에서 규정하는 기능과 역할에 따라 실제 재난대응에 필요한 조치사항 및 절차를 규정한 문서이다.,위기관리 표준매뉴얼은 재난현장에서 임무를 직접 수행하는 기관의 행동조치 절차를 구체적으로 수록한 문서이다.,재난관리책임기관의 장이 위기관리 매뉴얼을 작성·운용하는 경우 재난대응활동계획과 위기관리 매뉴얼은 서로 연계되도록 하여야 한다.,4,25,Human,300,19,0,76.0,62.336948178496776,2.173590956223901,0,0,0,N/A,0.0,4,True,4,N/A - Human Test,
26,소방안전교육사,2022,A,소방학개론,23,주위온도가 일정 상승률 이상이 되는 경우에 작동하는 것으로서 일국소에서의 열효과에 의하여 작동하는 감지기는?,text_only,,차동식스포트형 감지기,정온식스포트형 감지기,이온화식 연기감지기,광전식 연기감지기,1,26,Human,300,20,0,76.92307692307693,64.920650635895,2.5837024573982217,0,0,0,N/A,0.0,1,True,1,N/A - Human Test,
27,소방안전교육사,2018,A,교육학개론,82,다음 제시문에서 설명하는 교육사상은?\n\n◯ 18세기 서양의 사회개혁 사상을 배경으로 함\n◯ 아동을 학습의 능동적 주체로 간주함\n◯ 교육 목적을 합리적이고 비판적인 이성 개발로 설정함\n◯ 자연의 원리 속에서 아동의 본성에 알맞은 교육내용과 방법을 탐구하여 가르쳐야 한다고 주장함,text_only,,인문주의(humanism),신인문주의(neo-humanism),계몽주의(enlightenment),실학주의(realism),3,27,Human,300,21,0,77.77777777777779,67.70940884388038,2.7477470578679504,0,0,0,N/A,0.0,3,True,3,N/A - Human Test,
28,소방안전교육사,2016,A,구급 및 응급처치론,33,긴장성 공기가슴증(긴장성 기흉)의 증상과 징후로 옳지 않은 것은?,text_only,,"심박출량이 감소하고, 정맥압이 증가된다.","갈비(늑골)사이 공간의 압력이 증가하면서 호흡장애, 저산소증이 진행된다.",정맥환류가 감소되어 맥압 증가가 유발된다.,흉강내압 증가로 기관(trachea)이 밀려날 수 있다.,3,28,Human,300,21,0,75.0,70.7852451026878,3.075836258807407,0,0,0,N/A,0.0,4,False,4,N/A - Human Test,
29,소방안전교육사,2019,B,구급 및 응급처치론,35,"교통사고를 당한 임신 말기의 산모를 병원으로 이송 시 산모의 자세로 적절한 것은? (단, 척추손상은 없음)",text_only,,심스자세(Sim's position),무릎가슴자세(knee-chest position),좌측엎누운자세(lateral recumbent position),바로누운자세(supine position),3,29,Human,300,22,0,75.86206896551724,72.54872455773737,1.7634794550495798,0,0,0,N/A,0.0,3,True,3,N/A - Human Test,
30,소방안전교육사,2020,B,소방학개론,1,가연성 기체와 공기의 혼합기체에 불꽃을 대었을 때 불이 붙는 최저온도는?,text_only,,발화점,인화점,연소점,착화점,2,30,Human,300,22,0,73.33333333333333,76.40377266877599,3.8960592611560485,0,0,0,N/A,0.0,3,False,3,N/A - Human Test,
31,소방안전교육사,2016,A,구급 및 응급처치론,27,내과적 무균술에 근거한 손씻기에 관한 설명으로 옳지 않은 것은?,text_only,,세면대와 닿지 않도록 떨어져 일정거리를 유지하고 선다.,흐르는 물에서 비누를 묻혀 1분 정도 거품을 충분히 낸다.,씻을 때 손끝이 위로 향하게 하여 물기가 팔꿈치 쪽으로 흐르도록 한다.,씻은 후 손가락에서 손목 쪽으로 타월을 이용하여 가볍게 물을 닦는다.,3,31,Human,300,23,0,74.19354838709677,78.208263273943,1.7634794550495798,0,0,0,N/A,0.0,3,True,3,N/A - Human Test,
32,소방안전교육사,2018,A,소방학개론,7,"표준상태(0°C, 1 기압)에서 프로판 2 m$^3$을 연소시키기 위해 필요한 이론산소량(m$^3$)과 이론공기량(m$^3$)은? (단, 공기 중 산소는 21 vol%이다.)",text_only,,"이론산소량: 5, 이론공기량: 23.81","이론산소량: 10, 이론공기량: 47.62","이론산소량: 5, 이론공기량: 47.62","이론산소량: 10, 이론공기량: 23.81",2,32,Human,300,24,0,75.0,81.98128908474675,3.7730258108037527,0,0,0,N/A,0.0,2,True,2,N/A - Human Test,
33,소방안전교육사,2016,A,구급 및 응급처치론,29,심부체온이 32°C 이상인 경미한 저체온증의 증상 및 징후로 옳지 않은 것은?,text_only,,빈맥(빠른맥),몸을 떠는 증상,저혈압,창백하고 축축한 피부,3,33,Human,300,24,0,72.72727272727273,84.35993579155782,2.378646706811061,0,0,0,N/A,0.0,1,False,1,N/A - Human Test,
34,소방안전교육사,2019,B,재난관리론,65,재난 및 안전관리 기본법령상 재난대비훈련에 관한 내용으로 옳은 것은?,text_only,O,재난대비훈련에 참여하는 기관은 자체 훈련을 수시로 실시할 수 있다.,훈련참여기관의 장은 재난대비훈련 실시 후 15일 이내에 그 결과를 훈련주관기관의 장에게 제출하여야 한다.,소방청장은 2년마다 재난대비훈련 기본계획을 수립하고 재난관리책임기관의 장에게 통보하여야 한다.,재난대비훈련에 참여하는 데에 필요한 비용은 훈련주관기관이 부담하여야 한다.,1,34,Human,300,24,0,70.58823529411765,86.00038179625508,1.6404460046972837,0,0,0,N/A,0.0,3,False,3,N/A - Human Test,
35,소방안전교육사,2022,A,재난관리론,53,위험성평가 분석 기법으로 옳지 않은 것은?,text_only,,Checklist,HAZOP(Hazard and Operability),TLV(Threshold Limit Value),What-if,3,35,Human,300,25,0,71.42857142857143,88.09195045224413,2.0915686559890365,0,0,0,N/A,0.0,3,True,3,N/A - Human Test,
36,소방안전교육사,2016,A,재난관리론,58,우리나라 재난관리체계 변천 과정에 관한 설명으로 옳지 않은 것은?,text_only,,1975년 내무부에 민방위본부가 창설되었다.,1995년 삼풍백화점 붕괴사고 이후 그 해 재난관리법이 제정되었다.,2003년 대구지하철 방화사고 이후 2004년 재난 및 안전관리 기본법이 제정되었다.,2014년 세월호 침몰사고 이후 국토안보부(DHS)가 출범하였다.,4,36,Human,300,25,0,69.44444444444444,90.30655255858547,2.2146021063413333,0,0,0,N/A,0.0,2,False,2,N/A - Human Test,
37,소방안전교육사,2024,A,재난관리론,63,기상청의 호우특보 발표기준에서 ( )에 들어갈 내용이 옳은 것은?\n\nO 호우주의보는 3시간 강우량이 ( ㄱ ) mm 이상 예상되거나 12시간 강우량이 ( ㄴ ) mm 이상 예상될 때 발령된다.\nO 호우경보는 3시간 강우량이 90 mm 이상 예상되거나 12시간 강우량이 ( ㄷ ) mm 이상 예상될 때 발령된다.,text_only,,"ㄱ: 50, ㄴ: 110, ㄷ: 150","ㄱ: 50, ㄴ: 150, ㄷ: 180","ㄱ: 60, ㄴ: 110, ㄷ: 180","ㄱ: 60, ㄴ: 180, ㄷ: 210",3,37,Human,300,26,0,70.27027027027027,92.35711006445707,2.0915686559890365,0,0,0,N/A,0.0,3,True,3,N/A - Human Test,
38,소방안전교육사,2022,A,교육학개론,88,시간의 흐름에 따라 반복하여 학습할 수 있도록 교육내용을 조직하는 원리는?,text_only,,계열성,통합성,계속성,균형성,3,38,Human,300,26,0,68.42105263157895,94.73575677126814,2.337635556693629,0,0,0,N/A,0.0,4,False,4,N/A - Human Test,
39,소방안전교육사,2024,A,재난관리론,62,긴급구조대응활동 및 현장지휘에 관한 규칙상 이송반이 사상자를 이송할 때 그 우선순위로 옳은 것은?,text_only,,긴급환자 - 응급환자 - 비응급환자 - 사망자,사망자 - 긴급환자 - 응급환자 - 비응급환자,긴급환자 - 사망자 - 응급환자 - 비응급환자,사망자 - 응급환자 - 비응급환자 - 긴급환자,1,39,Human,300,27,0,69.23076923076923,97.48350382913608,2.7477470578679504,0,0,0,N/A,0.0,1,True,1,N/A - Human Test,
40,소방안전교육사,2020,B,재난관리론,55,재난관리 방식 중 통합관리방식의 특징을 모두 고른 것은?\n\nㄱ. 정보전달의 다원화\nㄷ. 통합대응 및 지휘통제 용이\nㄴ. 총괄적 자원동원과 신속한 대응\nㄹ. 특정 재난에 대한 관리활동,text_only,,"ㄱ, ㄴ","ㄱ, ㄹ","ㄴ, ㄷ","ㄷ, ㄹ",3,40,Human,300,28,0,70.0,99.78012823571227,2.296624406576197,0,0,0,N/A,0.0,3,True,3,N/A - Human Test,
41,소방안전교육사,2018,A,재난관리론,52,"재난을 유사전쟁모형, 사회적 취약성 모형, 불확실성 모형으로 분류한 자는?",text_only,,길버트(Gilbert),존스(Jones),아네스(Anesth),콤포트(Comfort),1,41,Human,300,28,0,68.29268292682927,101.91270804181875,2.132579806106469,0,0,0,N/A,0.0,2,False,2,N/A - Human Test,
42,소방안전교육사,2016,A,소방학개론,25,위험물안전관리법상 제조소의 설비기준 중 환기설비 설치기준으로 옳지 않은 것은?,text_only,O,환기는 강제배기방식으로 할 것,급기구는 당해 급기구가 설치된 실의 바닥면적 150 m$^2$마다 1개 이상으로 할 것,급기구가 설치된 실의 바닥면적이 150 m$^2$ 이상인 경우 급기구의 크기는 800 cm$^2$ 이상으로 할 것,급기구는 낮은 곳에 설치하고 가는 눈의 구리망 등으로 인화방지망을 설치할 것,1,42,Human,300,28,0,66.66666666666666,104.04528784792522,2.132579806106469,0,0,0,N/A,0.0,4,False,4,N/A - Human Test,
43,소방안전교육사,2022,A,재난관리론,62,재난 및 안전관리 기본법령상 긴급구조지휘대 중 권역현장지휘대의 설치기준으로 옳은 것은?,text_only,O,3개 이하의 안전센터별로 소방서장이 1개를 설치 · 운영,3개 이하의 소방서별로 소방본부장이 1개를 설치 · 운영,2개 이상 4개 이하의 소방서별로 소방본부장이 1개를 설치 · 운영,2개 이상 4개 이하의 소방본부별로 소방청장이 1개를 설치 · 운영,4,43,Human,300,28,0,65.11627906976744,106.95707950626289,2.870780508220246,0,0,0,N/A,0.0,3,False,3,N/A - Human Test,
44,소방안전교육사,2018,A,재난관리론,70,긴급구조대응활동 및 현장지휘에 관한 규칙상 통제단장이 설치·운영할 수 있는 것으로 옳지 않은 것은?,text_only,,현장응급의료소,임시영안소,홍수통제소,자원대기소,3,44,Human,300,29,0,65.9090909090909,108.72055896131248,1.804490605167012,0,0,0,N/A,0.0,3,True,3,N/A - Human Test,
45,소방안전교육사,2016,A,소방학개론,9,"전기히터가 220 V에서 작동하여 1,500 W를 소비하였을 때 저항치 [Ω]는? (단, 소수점 둘째자리에서 반올림한다.)",text_only,,12.3,22.3,32.3,42.3,3,45,Human,300,30,0,66.66666666666666,111.14021681824097,2.4196578569284934,0,0,0,N/A,0.0,3,True,3,N/A - Human Test,
46,소방안전교육사,2022,A,소방학개론,7,"내화구조로 구획된 건물화재에서 환기지배형화재의 환기요소에 관한 내용이다. ( )에 들어갈 내용으로 옳은 것은?\n\n환기요소는 개구부의 ( ㄱ )에 비례하고, 개구부의 ( ㄴ )의 ( ㄷ )에 비례한다.",text_only,,"ㄱ: 면적, ㄴ: 높이, ㄷ: 제곱","ㄱ: 높이, ㄴ: 면적, ㄷ: 제곱근","ㄱ: 면적, ㄴ: 높이, ㄷ: 제곱근","ㄱ: 높이, ㄴ: 면적, ㄷ: 제곱",3,46,Human,300,31,0,67.3913043478261,113.51886352505203,2.378646706811061,0,0,0,N/A,0.0,3,True,3,N/A - Human Test,
47,소방안전교육사,2014,A,재난관리론,57,재난관리방식 중 통합관리방식의 특징을 모두 고른 것은?\n\nㄱ. 재난 유형별 관리\nㄴ. 지휘체계의 단일화\nㄷ. 과도한 책임 부담\nㄹ. 다수 부처 참여,text_only,,"ㄱ, ㄷ","ㄱ, ㄹ","ㄴ, ㄷ","ㄴ, ㄹ",3,47,Human,300,32,0,68.08510638297872,115.56942103092364,2.0505575058716046,0,0,0,N/A,0.0,3,True,3,N/A - Human Test,
48,소방안전교육사,2024,A,재난관리론,73,"자연재해대책법령상 침수흔적도와 침수예상도 등을 바탕으로 재해 발생 시 대피 요령, 대피소 및 대피 경로 등의 정보를 표시한 재해정보지도에 해당하지 않는 것은?",text_only,O,피난정보형 재해정보지도,피난활용형 재해정보지도,방재정보형 재해정보지도,방재교육형 재해정보지도,1,48,Human,300,32,0,66.66666666666666,119.3424468417274,3.7730258108037527,0,0,0,N/A,0.0,3,False,3,N/A - Human Test,
49,소방안전교육사,2014,A,구급 및 응급처치론,47,"3세 여아에게 2인의 응급의료종사자가 심폐소생술을 실시할 때 가슴압박과 인공 호흡의 비율, 압박속도, 압박깊이로 옳은 것은?",text_only,,"15:2, 분당 100회 이하, 4cm","15:2, 분당 100회 이상, 5cm","30:2, 분당 100회 이하, 4cm","30:2, 분당 100회 이상, 5cm",2,49,Human,300,33,0,67.3469387755102,120.98289284642468,1.5994348545798516,0,0,0,N/A,0.0,2,True,2,N/A - Human Test,
50,소방안전교육사,2022,A,소방학개론,15,제2종 분말소화약제에 관한 설명으로 옳지 않은 것은?,text_only,,주성분은 KHCO$_3$이다.,칼륨이온은 부촉매작용을 한다.,제1종 분말소화약제보다 비누화 반응이 크다.,"B급, C급 화재에 적응성이 있다.",3,50,Human,300,34,0,68.0,122.99243920217883,2.0095463557541726,0,0,0,N/A,0.0,3,True,3,N/A - Human Test,
51,소방안전교육사,2018,A,교육학개론,98,"학습 형태와 이에 관한 설명이 옳은 것을 모두 고른 것은?\n\nㄱ. 거꾸로 학습(flipped learning): 기존의 전통적 교실 수업과는 달리 교실밖에서 디지털 콘텐츠를 이러닝 형태로 학습한 후, 강의실에서는 과제 해결 등 다양한 학습 활동을 수행하는 혼합형 학습\nㄴ. m-러닝(mobile learning): 이러닝 중 무선 통신 기술을 기반으로 태블릿 PC, 스마트 폰과 같은 모바일 기술을 활용하는 것\nㄷ. u-러닝(ubiquitous learning): 유비쿼터스 컴퓨팅 환경을 기반으로 하는 것으로 시간, 장소, 환경 등에 구애받지 않고 일상생활 속에서 언제, 어디서나 자신이 원하는 학습을 즉각적으로 수행할 수 있는 학습자 중심의 통합적인 학습\nㄹ. 무크(Massive Open Online Course: MOOC): 개방형 온라인 강좌로서 대학 강좌를 무료로 일반인 누구에게나 활용하게 하는 새로운 이러닝의 형태",text_only,,"ㄱ, ㄴ","ㄷ, ㄹ","ㄱ, ㄴ, ㄷ","ㄱ, ㄴ, ㄷ, ㄹ",4,51,Human,300,35,0,68.62745098039215,124.59187405675868,1.5994348545798516,0,0,0,N/A,0.0,4,True,4,N/A - Human Test,
52,소방안전교육사,2018,A,재난관리론,56,태풍 내습 시 재난관리 단계 중 대응단계에서 하여야 할 업무가 아닌 것은?,text_only,,태풍 진로에 따라 재난 대응계획을 시행한다.,재난상황을 신속히 전파시키고 구조 요원을 긴급히 현장에 출동시킨다.,중앙합동조사단을 편성하고 운영하여 피해를 조사하고 복구한다.,"긴급구조기관 및 자원봉사자에게 임무를 부여하고, 현장통제 및 질서유지를 담당한다.",3,52,Human,300,36,0,69.23076923076923,126.72445386286516,2.173590956223901,0,0,0,N/A,0.0,3,True,3,N/A - Human Test,
53,소방안전교육사,2024,A,재난관리론,58,다음과 같은 구체적인 전략을 갖고 있는 버클리(Berkely)학파의 이론으로 옳은 것은?\n\nO 가외성(redundancy) 전략\nO 조직학습(organization learning) 전략\nO 관점의 유연화(conceptual slacks)전략\nO 의사결정 분권화(de-centralization) 전략,text_only,,재난배양이론(Disaster incubation theory),정상사건이론(Normal accidents theory),고도신뢰이론(High Reliability theory),하인리히이론(Heinrich theory),3,53,Human,300,37,0,69.81132075471697,128.8160225188542,2.0505575058716046,0,0,0,N/A,0.0,3,True,3,N/A - Human Test,
54,소방안전교육사,2016,A,구급 및 응급처치론,36,다음 경우에 취해야 할 즉각적인 응급처치로 옳은 것은?\n\n◯ 생후 7개월 남자 아이에서 안면 청색증 관찰\n◯ 의식은 있으나 발성이 불가능한 심각한 기도폐쇄 의심,text_only,,하임리히법,심폐소생술,등을 두드리는 방법,입 속 이물질의 제거,3,54,Human,300,38,0,70.37037037037037,131.64579187695702,2.8297693581028143,0,0,0,N/A,0.0,3,True,3,N/A - Human Test,
55,소방안전교육사,2016,A,소방학개론,10,액화천연가스(LNG)의 주성분인 탄화수소가스로 옳은 것은?,text_only,,CH$_4$,C$_2$H$_6$,C$_3$H$_8$,C$_4$H$_{10}$,1,55,Human,300,39,0,70.9090909090909,133.98342743365066,2.378646706811061,0,0,0,N/A,0.0,1,True,1,N/A - Human Test,
56,소방안전교육사,2018,A,구급 및 응급처치론,29,외과적 무균술의 기본원리에 관한 설명으로 옳은 것을 모두 고른 것은?\n\nㄱ. 멸균통의 두껑은 안쪽이 아래를 향하도록 든다.\nㄴ. 젖은 전달집게의 끝을 위로 향하도록 든다.\nㄷ. 멸균물품을 열 때 포장의 첫 맨 끝을 사용자의 반대쪽(먼쪽)으로 펼친다.\nㄹ. 손을 팔꿈치보다 낮게 하고 물이 아래쪽으로 흐르도록 손을 씻는다.,text_only,,"ㄱ, ㄴ","ㄱ, ㄷ","ㄴ, ㄹ","ㄷ, ㄹ",2,56,Human,300,40,0,71.42857142857143,135.5828622882305,1.5994348545798516,0,0,0,N/A,0.0,2,True,2,N/A - Human Test,
57,소방안전교육사,2024,A,구급 및 응급처치론,29,"수면중 호흡이 느려지거나 중단되는 현상으로 심한 코골이, 불면증, 밤에 자주 깨는 수면 형태는?",text_only,,과다수면,수면무호흡,발작수면,사건수면,2,57,Human,300,41,0,71.9298245614035,137.59240864398467,2.0095463557541726,0,0,0,N/A,0.0,2,True,2,N/A - Human Test,
58,소방안전교육사,2020,B,교육학개론,88,'안전한 생활' 단원을 도입한 교육과정은?,text_only,,제1차 교육과정,제3차 교육과정,2009 개정 교육과정,2015 개정 교육과정,4,58,Human,300,42,0,72.41379310344827,141.28341215455356,3.6910035105688883,0,0,0,N/A,0.0,4,True,4,N/A - Human Test,
59,소방안전교육사,2014,A,소방학개론,2,다음 설명으로 옳지 않은 것은?,text_only,,대류·전도와 같이 열전달 매개체가 필요하며 전자파의 형태로 열에너지가 전달되는 현상을 복사라 한다.,물체간 온도 차이로 한 물체에서 다른 물체로 직접 접촉에 의해 열에너지가 이동하는 현상을 전도라 한다.,액체나 기체와 같은 유체를 열전달 매개체로 하여 유체의 온도변화에 따른 밀도차로 인해 열에너지가 전달되는 현상을 대류라 한다.,수mm~수cm 정도의 크기를 가진 화염덩어리가 기류를 타고 다른 가연물로 이동하여 그 가연물을 착화시키는 현상을 비화라 한다.,1,59,Human,300,43,0,72.88135593220339,147.4760958222858,6.192683667732246,0,0,0,N/A,0.0,1,True,1,N/A - Human Test,
60,소방안전교육사,2018,A,교육학개론,85,진보주의 교육철학에 관한 설명으로 옳지 않은 것은?,text_only,,듀이(J. Dewey)와 같은 실용주의 철학자들이 체계화 시켰다.,교사는 아동에게 경쟁보다는 협동을 중시하는 민주주의적 교육을 지향해야 한다고 주장한다.,교육의 목적은 전통과 문화유산 속에 있는 가장 본질적인 것을 아동에게 전달하는 것이라고 추정한다.,아동들로 하여금 어려운 과목을 피하고 쉬운 과목을 택하게 하는 결과를 초래하였다는 비판을 받고 있다.,3,60,Human,300,44,0,73.33333333333333,149.48564217804,2.0095463557541726,0,0,0,N/A,0.0,3,True,3,N/A - Human Test,
61,소방안전교육사,2018,A,구급 및 응급처치론,37,호흡이 없는 환자에게 구조자가 1회당 600 ml 정도의 호흡량으로 인공호흡을 실시할 경우 나타나는 효과로 옳은 것은?,text_only,,동맥혈 산소포화도를 45~65 %로 유지할 수 있다.,21 % 정도의 산소를 지속적으로 공급할 수 있다.,동맥혈 산소분압을 75 mmHg 이상 유지할 수 있다.,동맥혈 이산화탄소분압을 45 mmHg 이상 높일 수 있다.,3,61,Human,300,45,0,73.77049180327869,151.1670993328547,1.6814571548147157,0,0,0,N/A,0.0,3,True,3,N/A - Human Test,
62,소방안전교육사,2019,B,교육학개론,94,윤리학과 심리학을 기초로 교육학을 학문으로서 체계화한 학자는?,text_only,,듀이(J. Dewey),피아제(J. Piaget),헤르바르트(J. Herbart),피터스(R. Peters),3,62,Human,300,46,0,74.19354838709677,154.69405824295384,3.567970060216592,0,0,0,N/A,0.0,3,True,3,N/A - Human Test,
63,소방안전교육사,2018,A,구급 및 응급처치론,48,인슐린 저하로 나타날 수 있는 임상증상과 징후를 모두 고른 것은?\n\nㄱ. 혈중 포도당 증가\nㄴ. 케톤성 산증\nㄷ. 안구돌출증,text_only,,ㄱ,"ㄱ, ㄴ","ㄱ, ㄷ","ㄴ, ㄷ",2,63,Human,300,47,0,74.60317460317461,157.03169379964748,2.337635556693629,0,0,0,N/A,0.0,2,True,2,N/A - Human Test,
64,소방안전교육사,2020,B,교육학개론,84,에릭슨(E. Erikson)의 발달이론에 관한 설명으로 옳지 않은 것은?,text_only,,인생의 각 단계에는 사회심리적 위기와 사회적 과업이 있다.,발달은 전 생애에 걸처서 이루어진다.,"성격의 구조를 본능, 자아, 초자아로 구분하여 제시한다.","발달에서는 후천적, 사회문화적 인간관계가 중요하다.",3,64,Human,300,48,0,75.0,160.84573076056867,3.8140369609211846,0,0,0,N/A,0.0,3,True,3,N/A - Human Test,
65,소방안전교육사,2019,B,재난관리론,61,재난 및 안전관리 기본법령상 중앙민관협력위원회의 당연직 위원으로 명시된 자는?,text_only,O,행정안전부장관,행정안전부차관,행정안전부 안전정책실장,소방청장,3,65,Human,300,49,0,75.38461538461539,163.47044436808432,2.624713607515654,0,0,0,N/A,0.0,3,True,3,N/A - Human Test,
66,소방안전교육사,2019,B,교육학개론,92,백분위에 관한 설명으로 옳지 않은 것은?,text_only,,규준집단 내에서 학습자의 상대적 위치를 알 수 있다.,정규분포에서 중앙치의 백분위는 50이다.,원점수 70점의 백분위가 60이라면 60%의 학습자가 70점 이상의 점수를 얻었다는 것으로 해석할 수 있다.,서열척도이다.,3,66,Human,300,50,0,75.75757575757575,165.64403532430822,2.173590956223901,0,0,0,N/A,0.0,3,True,3,N/A - Human Test,
67,소방안전교육사,2019,B,소방학개론,1,중앙소방행정조직에 해당하지 않는 것은?,text_only,,소방청,중앙소방학교,중앙119구조본부,소방본부,4,67,Human,300,51,0,76.11940298507463,169.17099423440737,3.5269589100991596,0,0,0,N/A,0.0,4,True,4,N/A - Human Test,
68,소방안전교육사,2022,A,재난관리론,63,"긴급구조대응활동 및 현장지휘에 관한 규칙상 현장응급의료소의 설치 · 운영에 관한 설명이다. ( )에 들어갈 내용으로 옳은 것은?\n\n중증도 분류표를 부착한 사상자 중 긴급 · 응급환자는 ( ㄱ )(으)로, 사망자와 비응급환자는 ( ㄴ )(으)로 인계한다.",text_only,,"ㄱ: 긴급구호반, ㄴ: 이송반","ㄱ: 응급처치반, ㄴ: 이송반","ㄱ: 긴급구호반, ㄴ: 임시안치소","ㄱ: 응급처치반, ㄴ: 임시안치소",2,68,Human,300,51,0,75.0,171.22155174027898,2.0505575058716046,0,0,0,N/A,0.0,3,False,3,N/A - Human Test,
69,소방안전교육사,2014,A,재난관리론,56,응급환자분류표에서 사상자의 상태와 색깔의 연결로 옳은 것은?,text_only,,비응급-녹색,응급-적색,긴급-흑색,사망-황색,1,69,Human,300,51,0,73.91304347826086,173.3951426965029,2.173590956223901,0,0,0,N/A,0.0,3,False,3,N/A - Human Test,
70,소방안전교육사,2022,A,구급 및 응급처치론,34,"체중이 70 kg인 27세 남성의 혈압은 정상이고, 순환혈액량은 25% 손실한 것으로 판단된다. 이 환자의 출혈단계는?",text_only,,출혈 1단계,출혈 2단계,출혈 3단계,출혈 4단계,2,70,Human,300,52,0,74.28571428571429,175.28165560190476,1.9275240555193083,0,0,0,N/A,0.0,2,True,2,N/A - Human Test,
71,소방안전교육사,2024,A,교육학개론,99,규준지향평가와 준거지향평가에 관한 설명으로 옳은 것은?,text_only,,"규준지향평가는 평가점수의 부적 편포를, 준거지향평가는 정규분포를 전제한다.","규준지향평가는 상대평가를, 준거지향평가는 절대평가를 말한다.","규준지향평가는 타당도를, 준거지향평가는 신뢰도를 강조한다.","규준지향평가는 발달적 교육관에, 준거지향평가는 선발적 교육관에 바탕을 둔다.",2,71,Human,300,53,0,74.64788732394366,177.70131345883325,2.4196578569284934,0,0,0,N/A,0.0,2,True,2,N/A - Human Test,
72,소방안전교육사,2014,A,재난관리론,59,재난 및 안전관리 기본법령상 국가와 지방자치단체가 재난으로 피해를 입은 시설의 복구와 피해주민의 생계 안정을 위해 지원할 수 있는 사항이 아닌 것은?,text_only,O,고등학생의 학자금 면제,상업용 건축물의 복구비 지원,세입자 보조 등 생계안정 지원,공공시설 피해에 대한 복구사업비 지원,2,72,Human,300,54,0,75.0,179.71085981458742,2.0095463557541726,0,0,0,N/A,0.0,2,True,2,N/A - Human Test,
73,소방안전교육사,2014,A,구급 및 응급처치론,42,기도 폐쇄가 의심되어 하임리히법(Heimlich maneuver)을 시행하던 중 환자가 의식을 잃었다. 먼저 시행할 응급처치는?,text_only,,등두드리기,자동제세동,하임리히법,심폐소생술,4,73,Human,300,54,0,73.97260273972603,182.00748422116362,2.255613256458765,0,0,0,N/A,0.0,2,False,2,N/A - Human Test,
74,소방안전교육사,2020,B,재난관리론,61,재난 및 안전관리 기본법상 특별재난지역의 선포권자는?,text_only,O,소방청장,행정안전부장관,국무총리,대통령,4,74,Human,300,55,0,74.32432432432432,183.72995252609576,1.7224683049321479,0,0,0,N/A,0.0,4,True,4,N/A - Human Test,
75,소방안전교육사,2024,A,소방학개론,12,NaHCO$_3$이 주성분인 분말소화약제는?,text_only,,제1종,제2종,제3종,제4종,1,75,Human,300,55,0,73.33333333333333,186.02657693267196,2.296624406576197,0,0,0,N/A,0.0,4,False,4,N/A - Human Test,
76,소방안전교육사,2019,B,교육학개론,83,소집단 협동학습을 통하여 기대할 수 있는 효과가 아닌 것은?,text_only,,사회성 발달,긍정적인 자아관,타인에 대한 이해 및 존중,표준화된 수업 경험,4,76,Human,300,56,0,73.68421052631578,188.405223639483,2.337635556693629,0,0,0,N/A,0.0,4,True,4,N/A - Human Test,
77,소방안전교육사,2020,B,재난관리론,59,재난 및 안전관리 기본법상 재난관리정보의 처리를 하는 재난관리책임기관이 종사하였던 자가 직무상 알게 된 재난관리정보를 누설하였을 때의 벌칙 기준으로 옳은 것은?,text_only,O,200만원 이하의 벌금,300만원 이하의 벌금,500만원 이하의 벌금,1천만원 이하의 벌금,3,77,Human,300,56,0,72.72727272727273,190.29173654488488,1.9275240555193083,0,0,0,N/A,0.0,4,False,4,N/A - Human Test,
78,소방안전교육사,2024,A,소방학개론,16,다음에서 설명하는 포소화약제는?\n\n단백질 가수분해물이나 합성계면활성제 중에 저방산금속염이나 다계능의 합성계면활성재 또는 고분자 겔 생성물 등을 첨가한 포소화약제로서 수용성용제의 소화에 사용하는 약제를 말한다.,text_only,,단백포,합성계면활성제포,수성막포,알콜형포,4,78,Human,300,57,0,73.07692307692307,193.8597066051015,3.5269589100991596,0,0,0,N/A,0.0,4,True,4,N/A - Human Test,
79,소방안전교육사,2016,A,구급 및 응급처치론,26,혈압을 산출하는 다음 공식에서 ( )안에 들어갈 용어는?\n\n혈압 = 심박출량 × ( ),text_only,,호흡수,혈액산성도,혈액점성도,말초혈관저항,4,79,Human,300,58,0,73.41772151898735,195.91026411097312,2.0505575058716046,0,0,0,N/A,0.0,4,True,4,N/A - Human Test,
80,소방안전교육사,2019,B,소방학개론,2,소방기본법령상 소방신호의 종류 및 방법에 관한 내용으로 옳지 않은 것은?,text_only,O,발화신호의 싸이렌신호는 5초 간격을 두고 1분씩 3회이다.,해제신호의 타종신호는 상당한 간격을 두고 1타씩 반복한다.,훈련신호의 싸이렌신호는 10초 간격을 두고 1분씩 3회이다.,경계신호의 타종신호는 1타와 연2타를 반복한다.,1,80,Human,300,59,0,73.75,197.6737435660227,1.804490605167012,0,0,0,N/A,0.0,1,True,1,N/A - Human Test,
81,소방안전교육사,2022,A,교육학개론,97,척도에 관한 설명으로 옳지 않은 것은?,text_only,,명명척도는 사물이나 사람을 구분 · 분류하기 위하여 사용되는 척도이다.,서열척도는 사물이나 사람의 상대적 순위를 표시하기 위하여 사용되는 척도이다.,등간척도는 동일한 측정단위 간격마다 상이한 차이를 부여하는 척도이다.,"비율척도는 서열성, 등간성을 지니는 동시에 절대 영점을 가지는 척도이다.",3,81,Human,300,60,0,74.07407407407408,202.3900258295274,4.71628226350469,0,0,0,N/A,0.0,3,True,3,N/A - Human Test,
82,소방안전교육사,2014,A,구급 및 응급처치론,48,자동제세동기의 사용방법으로 옳지 않은 것은?,text_only,,제세동 전에 환자의 몸이 젖어 있는 경우에는 환자의 가슴을 건조시켜야 한다.,소아일 경우 소아용 변환 시스템이 없으면 성인용 자동제세동기를 사용할 수 있다.,심전도가 분석되는 동안 심폐소생술을 중단해서는 안된다.,첫 번째 제세동 후 맥박을 확인하지 않고 즉시 가슴압박을 시작한다.,3,82,Human,300,61,0,74.39024390243902,204.5636167857513,2.173590956223901,0,0,0,N/A,0.0,3,True,3,N/A - Human Test,
83,소방안전교육사,2024,A,재난관리론,74,재난 및 안전관리 기본법령상 재난관리책임기관의 장의 재난에방조치로 옳은 것을 모두 고른 것은 ?\n\nㄱ. 재난에 대응할 조직의 구성 및 정비\nㄴ. 재난 발생에 대비한 교육 · 훈련과 재난관리예방에 관한 홍보\nㄷ. 재난이 발생할 위험이 높은 분야에 대한 안전관리체계의 구축 및 안전관리규정의 제정,text_only,O,"ㄱ, ㄴ","ㄱ, ㄷ","ㄴ, ㄷ","ㄱ, ㄴ, ㄷ",4,83,Human,300,62,0,74.69879518072288,208.336642596555,3.7320146606863203,0,0,0,N/A,0.0,4,True,4,N/A - Human Test,
84,소방안전교육사,2024,A,구급 및 응급처치론,35,"성인 남자가 얼굴, 손, 회음부에 5%의 2~3도 화상을 입었을 때 화상의 구분은?",text_only,,경미,경증,중등,중증,4,84,Human,300,63,0,75.0,211.86360150665416,3.567970060216592,0,0,0,N/A,0.0,4,True,4,N/A - Human Test,
85,소방안전교육사,2024,A,재난관리론,67,재난시의 행동요령에서 화재발생 시 대피요령으로 옳지 않은 것은?,text_only,,불을 발견하면 '불이야' 하고 큰소리로 외치거나 화재발신기를 눌러 주위에 화재 사실을 알린다.,불길 속을 통과할 때에는 물에 적신 담요나 수건 등으로 몸과 얼굴을 감싸준다.,출구가 없으면 연기가 방안에 들어오지 못하도록 물을 적셔 문틈을 옷이나 이불로 막고 구조를 기다린다.,"계단보다는 주로 엘리베이터를 이용하여 신속히 대피하되, 아래층으로 대피가 불가능한 때에는 옥상으로 대피한다.",4,85,Human,300,64,0,75.29411764705883,220.14785383037545,8.243241173603849,0,0,0,N/A,0.0,4,True,4,N/A - Human Test,
86,소방안전교육사,2014,A,구급 및 응급처치론,43,"공장에서 일하던 체중 80 kg인 근로자가 20%의 3도 화상을 입었다면 첫 8시간 동안 투여해야 할 수액량은? (단, 파크랜드 공식을 적용한다.)",text_only,,200 ml,400 ml,600 ml,800 ml,2,86,Human,300,64,0,74.4186046511628,222.19841133624706,2.0505575058716046,0,0,0,N/A,0.0,3,False,3,N/A - Human Test,
87,소방안전교육사,2014,A,소방학개론,19,이산화탄소(CO$_2$) 소화약제에 관한 설명으로 옳지 않은 것은?,text_only,,주된 소화효과는 질식소화이다.,기체상태 가스비중은 약 1.5로 공기보다 무겁다.,용기에 액화상태로 저장한 후 방출 시에는 기체화된다.,나트륨·칼륨·칼슘 등 활성금속물질에 소화효과가 있다.,4,87,Human,300,65,0,74.71264367816092,223.83885734094434,1.6404460046972837,0,0,0,N/A,0.0,4,True,4,N/A - Human Test,
88,소방안전교육사,2019,B,소방학개론,8,"부탄 40 vol%(폭발 하한계 1.8 vol%), 아세틸렌 30 vol%(폭발 하한계 2.5 vol%), 프로판 30 vol%(폭발 하한계 2.1 vol%)일 때 혼합가스의 폭발 하한값(vol%)은? (단, Le Chatelier의 법칙을 이용하여 소수점 셋째자리에서 반올림하여 소수점 둘째자리까지 구한다.)",text_only,,2.06,2.13,2.50,4.12,1,88,Human,300,65,0,73.86363636363636,226.46357094846002,2.665724757633086,0,0,0,N/A,0.0,3,False,3,N/A - Human Test,
89,소방안전교육사,2018,A,소방학개론,22,건축물의 방화계획 중 공간적 대응에 관한 설명으로 옳은 것은?,text_only,,"대항성은 건물의 내화성능, 방연성능, 초기소화대응 등 화재에 저항하는 능력이다.","도피성은 건물의 불연화, 난연화, 소방 훈련 등 사전예방활동과 관계되는 능력이다.",회피성은 화재 시 피난할 수 있는 공간 확보 등에 대한 사항이다.,"설비성은 방화문, 방화셔터, 자동화재탐지설비, 스프링클러 등과 같은 설비시스템으로의 대응이다.",1,89,Human,300,65,0,73.03370786516854,229.12929570609307,2.665724757633086,0,0,0,N/A,0.0,2,False,2,N/A - Human Test,
90,소방안전교육사,2018,A,재난관리론,66,자연재해대책법령상 우수유출저감시설 사업계획에 포함되는 내용으로 옳지 않은 것은?,text_only,O,우수유출저감 사업의 우선순위,다른 사업과의 중복 또는 연계성 여부,투자우선순위 등 국토교통부장관이 정하는 사항,재원 확보 방안,3,90,Human,300,66,0,73.33333333333333,230.76974171079038,1.5994348545798516,0,0,0,N/A,0.0,3,True,3,N/A - Human Test,
91,소방안전교육사,2019,B,구급 및 응급처치론,28,열화상에서 중증화상으로 옳은 것은?,text_only,,"30세 여성의 얼굴, 손, 회음부 5% 화상",45세 남성의 체표면적 5% 3도 화상,20세 여성의 체표면적 15% 2도 화상,8세 여아의 체표면적 15% 2도 화상,1,91,Human,300,67,0,73.62637362637363,232.7382769164271,1.9685352056367402,0,0,0,N/A,0.0,1,True,1,N/A - Human Test,
92,소방안전교육사,2022,A,구급 및 응급처치론,44,"심폐소생술 시 고품질의 가슴압박 방법으로 옳지 않은 것은? (단, 2020년 한국형 심폐소생술 가이드라인을 따른다.)",text_only,O,가슴압박 후 완전한 가슴이완을 해야 한다.,가슴압박 중단시간을 10초 이내로 최소화해야 한다.,가슴압박 속도는 분당 120회 초과의 속도로 해야 한다.,성인의 가슴압박은 약 5 cm 깊이로 6 cm를 넘지 않는다.,3,92,Human,300,68,0,73.91304347826086,234.78883442229872,2.0505575058716046,0,0,0,N/A,0.0,3,True,3,N/A - Human Test,
93,소방안전교육사,2022,A,교육학개론,77,"교육의 기능적 정의와 관련된 것을 모두 고른 것은?\n\nㄱ. 교육은 개인의 사회적 출세를 위한 수단이다.\nㄴ. 교육은 인간의 행동을 바람직하게 변화시키는 과정이다.\nㄷ. 교육은 민주시민으로서의 자질을 함양해가는 과정이다.\nㄹ. 교육의 도구적, 외재적 가치를 중시한다.",text_only,,"ㄱ, ㄴ","ㄱ, ㄹ","ㄴ, ㄷ","ㄷ, ㄹ",2,93,Human,300,68,0,73.11827956989248,237.16748112910977,2.378646706811061,0,0,0,N/A,0.0,4,False,4,N/A - Human Test,
94,소방안전교육사,2020,B,재난관리론,56,재난발생 이후 복구단계에서의 활동 내용으로 옳지 않은 것은?,text_only,,현장의 피해규모 및 상황파악,현장지휘 활동개시,피해자 지원 및 임시 거주지 마련,피해규모에 따른 복구계획 수립,2,94,Human,300,69,0,73.40425531914893,239.42309438556856,2.2146021063413333,0,0,0,N/A,0.0,2,True,2,N/A - Human Test,
95,소방안전교육사,2022,A,재난관리론,68,재난 및 안전관리 기본법령상 중앙긴급구조통제단의 단장으로 옳은 것은?,text_only,O,소방서장,소방청장,소방본부장,행정안전부장관,2,95,Human,300,70,0,73.68421052631578,242.90904214555027,3.5269589100991596,0,0,0,N/A,0.0,2,True,2,N/A - Human Test,
96,소방안전교육사,2014,A,소방학개론,3,외부 화재로 탱크 내부 온도가 상승되어 탱크내 가연성 액화가스의 급격한 비등 및 팽창으로 탱크 내벽에 균열이 생겨 내부 증기가 분출하면서 폭발하는 현상은?,text_only,,증기운폭발(UVCE) 현상,블레비(BLEVE) 현상,백드래프트(back draft) 현상,보일오버(boil over) 현상,2,96,Human,300,71,0,73.95833333333334,245.82083380388795,2.911791658337678,0,0,0,N/A,0.0,2,True,2,N/A - Human Test,
97,소방안전교육사,2016,A,소방학개론,21,이산화탄소 소화약제의 소화효과로 옳지 않은 것은?,text_only,,질식효과,피복효과,냉각효과,부촉매효과,4,97,Human,300,71,0,73.19587628865979,247.95341360999444,2.0915686559890365,0,0,0,N/A,0.0,3,False,3,N/A - Human Test,
98,소방안전교육사,2014,A,소방학개론,11,자동화재탐지설비의 감지기 중 열감지기의 종류가 아닌 것은?,text_only,,보상식 스포트형 감지기,정온식 감지선형 감지기,차동식 분포형 감지기,광전식 분리형 감지기,4,98,Human,300,72,0,73.46938775510205,250.16801571633576,2.2146021063413333,0,0,0,N/A,0.0,4,True,4,N/A - Human Test,
99,소방안전교육사,2016,A,구급 및 응급처치론,32,외상을 입은 임신 3기 환자에게 이송 시 취해주어야 할 자세는?,text_only,,심스 자세(Sim's position),무릎가슴자세(knee-chest position),좌측 옆누운자세(left lateral recumbent position),등쪽 누운자세(dorsal recumbent position),3,99,Human,300,73,0,73.73737373737373,253.61295232620006,3.4449366098642957,0,0,0,N/A,0.0,3,True,3,N/A - Human Test,
100,소방안전교육사,2020,B,교육학개론,76,진보주의 교육에 관한 설명으로 옳은 것은?,text_only,,"생활 중심, 경험 중심 교육이다.",인간의 이성 계발을 목표로 한다.,"교사 중심이며, 교사는 모범 제공자이다.",의식화 과정을 교육의 역할이라고 본다.,1,100,Human,300,74,0,74.0,255.8275544325414,2.173590956223901,0,0,0,N/A,0.0,1,True,1,N/A - Human Test,
101,소방안전교육사,2020,B,소방학개론,4,초고층건축물에 설치하는 피난안전구역의 설치기준에 관한 설명으로 옳지 않은 것은?,text_only,,비상용승강기는 피난안전구역에서 승하차 할 수 있는 구조로 설치한다.,피난안전구역에는 식수공급을 위한 급수전을 1개소 이상 설치한다.,관리사무소 또는 방재센터 등과 긴급연락이 가능한 경보 및 통신시설을 설치한다.,건축물의 내부에서 피난안전구역으로 통하는 계단은 피난계단의 구조로 설치한다.,4,101,Human,300,74,0,73.26732673267327,258.16518998923505,2.337635556693629,0,0,0,N/A,0.0,3,False,3,N/A - Human Test,
102,소방안전교육사,2022,A,재난관리론,71,자연재해대책법령상 재해영향평가의 정의로 옳은 것은?,text_only,O,자연재해에 영향을 미치는 개발사업으로 인한 재해 유발 요인을 조사 · 예측 · 평가하고 이에 대한 대책을 마련하는 것,자연재해에 영향을 미치는 행정계획으로 인한 재해 유발 요인을 예측 · 분석하고 이에 대한 대책을 마련하는 것,"풍수해로 인한 침수 혼적, 침수 예상 및 재해정보 등을 표시한 도면",자연재해 위험에 대하여 지역별로 안전도를 진단하는 것,1,102,Human,300,75,0,73.52941176470588,260.78990359675066,2.624713607515654,0,0,0,N/A,0.0,1,True,1,N/A - Human Test,
103,소방안전교육사,2024,A,재난관리론,66,재난관리단계에서 예방단계 활동 내용으로 옳지 않은 것은?,text_only,,위험지도의 작성,수해 상습지구 선정,수해방지시설의 공사,대응자원의 확보 및 비축,4,103,Human,300,76,0,73.7864077669903,262.8814722527397,2.0505575058716046,0,0,0,N/A,0.0,4,True,4,N/A - Human Test,
104,소방안전교육사,2019,B,소방학개론,12,분진폭발의 위험성이 가장 낮은 것은?,text_only,,알루미늄분,생석회분,석탄분,마그네슘분,2,104,Human,300,77,0,74.03846153846155,265.13708550919847,2.296624406576197,0,0,0,N/A,0.0,2,True,2,N/A - Human Test,
105,소방안전교육사,2024,A,구급 및 응급처치론,48,"코로나19와 같은 호흡기 전파 감염환자에 대한 일반인 기본심폐소생술 방법으로 옳지 않은 것은? (단, 2020년 한국형 심폐소생술 가이드라인을 따른다.)",text_only,O,구조자는 보건용 마스크를 착용한다.,환자의 반응 및 호흡 확인 시 기도를 개방하지 않는다.,가슴압박 시작 전에 환자의 코와 입을 천으로 덮는다.,감염차단조치 없이 주저하지 않고 시행한다.,4,105,Human,300,78,0,74.28571428571429,267.14663186495267,1.9685352056367402,0,0,0,N/A,0.0,4,True,4,N/A - Human Test,
106,소방안전교육사,2016,A,구급 및 응급처치론,49,성폭행 피해자에 대한 응급처치자의 역할로 옳지 않은 것은?,text_only,,객관적인 태도를 유지한다.,가능한 빨리 몸을 씻도록 도와준다.,적절한 심리적 안정을 취하도록 돕는다.,피해현장에서 벗어난 안전한 환경을 제공한다.,2,106,Human,300,79,0,74.52830188679245,269.32022282117657,2.173590956223901,0,0,0,N/A,0.0,2,True,2,N/A - Human Test,
107,소방안전교육사,2020,B,구급 및 응급처치론,36,척수 손상으로 혈관이 이완되어 발생하는 쇼크는?,text_only,,신경성 쇼크,심장성 쇼크,출혈성 쇼크,저혈량성 쇼크,1,107,Human,300,80,0,74.76635514018692,271.9039252785748,2.5426913072807897,0,0,0,N/A,0.0,1,True,1,N/A - Human Test,
108,소방안전교육사,2022,A,소방학개론,24,소방시설의 배선 및 부속품에서 비화재보 방지를 위해 설치하는 것이 아닌 것은?,text_only,,교차회로,리타딩챔버,리크홀,반사판,4,108,Human,300,81,0,75.0,273.9954939345638,2.0915686559890365,0,0,0,N/A,0.0,4,True,4,N/A - Human Test,
109,소방안전교육사,2019,B,소방학개론,4,"1기압, 상온에서 인화점이 가장 낮은 물질은?",text_only,,메틸알코올,아세톤,등유,에틸에테르,4,109,Human,300,82,0,75.22935779816514,275.47189533879134,1.4764014042275553,0,0,0,N/A,0.0,4,True,4,N/A - Human Test,
110,소방안전교육사,2014,A,구급 및 응급처치론,35,붕괴된 건물 잔해에 4시간 이상 두 다리가 깔린 상태로 있었던 환자가 구조되었다. 고칼륨혈증에서 초래되는 상태를 평가하기 위한 것으로 옳은 것은?,text_only,,기이성 운동,심전도(ECG),이산화탄소분압,"원위부 맥박, 움직임, 감각(PMS)",2,110,Human,300,83,0,75.45454545454545,279.12188769924285,3.6910035105688883,0,0,0,N/A,0.0,2,True,2,N/A - Human Test,
111,소방안전교육사,2014,A,소방학개론,22,다음의 위험물 중 주수소화가 가능한 물질은?,text_only,,나트륨,알킬알루미늄,마그네슘,적린,4,111,Human,300,83,0,74.77477477477478,281.0904229048796,1.9275240555193083,0,0,0,N/A,0.0,2,False,2,N/A - Human Test,
112,소방안전교육사,2022,A,소방학개론,2,"0 ℃의 이상기체는 몇 ℃에서 체적이 2배가 되는가? (단, 압력은 일정하다.)",text_only,,136.5,273,409.5,546,2,112,Human,300,83,0,74.10714285714286,283.3050250112209,2.2146021063413333,0,0,0,N/A,0.0,3,False,3,N/A - Human Test,
113,소방안전교육사,2016,A,재난관리론,56,재난복구단계에 관한 설명으로 옳지 않은 것은?,text_only,O,재난 및 안전관리 기본법상 재난사태를 선포하는 단계이다.,"피해평가, 잔해물 제거, 보험금 지급 등의 활동이 이루어진다.",복구활동은 단기 복구와 중장기 복구활동으로 구분할 수 있다.,피해지역이 재난 발생 직후부터 재난 발생 이전의 상태로 회복될 때까지의 장기적인 활동 과정이다.,1,113,Human,300,84,0,74.33628318584071,286.0937832192063,2.7887582079853823,0,0,0,N/A,0.0,1,True,1,N/A - Human Test,
114,소방안전교육사,2022,A,소방학개론,12,"프로페인(propane)의 최소산소농도(MOC, Minimum Oxygen for Combustion)는 약 몇 vol%인가? (단, 프로페인의 연소하한계는 2.1 vol% 이다.)",text_only,,10.5,12.6,14.4,16.8,1,114,Human,300,84,0,73.68421052631578,288.2673741754302,2.173590956223901,0,0,0,N/A,0.0,3,False,3,N/A - Human Test,
115,소방안전교육사,2022,A,구급 및 응급처치론,32,인체의 호흡 생리에 관한 설명으로 옳은 것은?,text_only,,"허파꽈리 내 정상 산소압은 약 40 mmHg인 반면, 허파동맥을 통해 들어오는 혈액 내 산소분압은 약 104 mmHg이다.",안정상태에서 무의식적으로 정상적인 호흡을 할 경우 70 kg 체중 성인이 허파에 공기가 들어가고 나가는 양은 약 900 mL이다.,"총폐용적은 최대들숨량에서 최대날숨량까지 측정된 공기의 양으로, 건강한 성인 남성의 총폐용적은 약 4,800 mL이다.","건강한 성인 남성의 허파 속에는 항상 약 1,000 ~ 1,200 mL의 공기가 남아있어 허파꽈리의 개방을 유지해 준다.",4,115,Human,300,85,0,73.91304347826086,290.9741100831807,2.7477470578679504,0,0,0,N/A,0.0,4,True,4,N/A - Human Test,
116,소방안전교육사,2014,A,구급 및 응급처치론,31,요로결석으로 심한 통증을 호소하는 환자의 교감신경 반응으로 옳은 것은?,text_only,,느리고 단조로운 말,맥박 감소,땀흘림(발한),침분비 증가,3,116,Human,300,86,0,74.13793103448276,293.27073448975693,2.255613256458765,0,0,0,N/A,0.0,3,True,3,N/A - Human Test,
117,소방안전교육사,2020,B,소방학개론,16,표준상태에서 메탄가스 1몰(mol)을 완전연소 시키는데 필요한 산소량(몰)은?,text_only,,1,2,4,5,2,117,Human,300,87,0,74.35897435897436,295.7314034968028,2.4606690070459254,0,0,0,N/A,0.0,2,True,2,N/A - Human Test,
118,소방안전교육사,2022,A,교육학개론,98,선택형 문항에 해당하는 것은?,text_only,,단답형,완성형,연결형,논술형,3,118,Human,300,88,0,74.57627118644068,297.2898272012652,1.5994348545798516,0,0,0,N/A,0.0,3,True,3,N/A - Human Test,
119,소방안전교육사,2018,A,소방학개론,23,할로겐화합물 청정소화약제의 종류로 옳지 않은 것은?,text_only,,HFC-227ea,IG-541,FC-3-1-10,FK-5-1-12,2,119,Human,300,88,0,73.94957983193278,300.40667461019007,3.075836258807407,0,0,0,N/A,0.0,1,False,1,N/A - Human Test,
120,소방안전교육사,2019,B,소방학개론,19,최소발화(점화)에너지에 영향을 미치는 인자에 관한 설명으로 옳지 않은 것은?,text_only,,온도가 높을수록 최소발화에너지가 낮아진다.,압력이 높을수록 최소발화에너지가 낮아진다.,연소범위에 따라서 최소발화에너지는 변하며 화학양론비 부근에서 가장 낮다.,산소의 분압이 높아지면 연소범위 내에서 최소발화에너지가 높아진다.,4,120,Human,300,89,0,74.16666666666667,303.1954328181755,2.7887582079853823,0,0,0,N/A,0.0,4,True,4,N/A - Human Test,
121,소방안전교육사,2020,B,소방학개론,24,불활성기체소화약제 중 질소성분이 들어있지 않은 소화약제는?,text_only,,IG-01,IG-100,IG-541,IG-55,1,121,Human,300,90,0,74.3801652892562,305.08194572357735,1.8865129054018763,0,0,0,N/A,0.0,1,True,1,N/A - Human Test,
122,소방안전교육사,2016,A,재난관리론,74,긴급구조대응활동 및 현장지휘에 관한 규칙상 사상자의 상태 분류와 응급환자 분류표의 색상 연결이 옳지 않은 것은?,text_only,,사망 - 청색,긴급 - 적색,응급 - 황색,비응급 - 녹색,1,122,Human,300,91,0,74.59016393442623,307.50160358050584,2.4196578569284934,0,0,0,N/A,0.0,1,True,1,N/A - Human Test,
123,소방안전교육사,2024,A,구급 및 응급처치론,42,"공원에서 쓰러진 5세 소아를 발견하여 반응이 없음을 확인하였다. 다음에 해야 할 행동은? (단, 2020년 한국형 심폐소생술 가이드라인을 따른다.)",text_only,O,119신고 및 자동제세동기를 요청한다.,기도를 개방한다.,호흡을 확인한다.,가슴압박을 시행한다.,1,123,Human,300,92,0,74.79674796747967,309.42912763602516,1.9275240555193083,0,0,0,N/A,0.0,1,True,1,N/A - Human Test,
124,소방안전교육사,2024,A,교육학개론,85,비고츠키(L. Vygotsky)의 인지발달이론에 관한 설명으로 옳지 않은 것은?,text_only,,언어는 아동의 인지발달에 중요한 역할을 하지 않는다.,인지발달수준을 실제적 발달수준과 잠재적 발달수준으로 구분하였다.,현재의 발달수준이 같더라도 개인에 따라 근접발달영역이 다를 수 있다.,인지발달은 타인과의 사회적 상호작용을 통해 이루어진다.,1,124,Human,300,93,0,75.0,315.2527109527005,5.823583316675356,0,0,0,N/A,0.0,1,True,1,N/A - Human Test,
125,소방안전교육사,2024,A,재난관리론,51,터너(Turner)가 제시하는 재난에 대한 정의로 옳은 것은?,text_only,,일시적인 배양과정을 통한 재난,오랜 배양과정을 통한 누적성에 의한 재난,순간적인 폭발과정을 통한 재난,일시적인 폭발과정을 통한 재난,2,125,Human,300,94,0,75.2,317.5493353592767,2.296624406576197,0,0,0,N/A,0.0,2,True,2,N/A - Human Test,
126,소방안전교육사,2018,A,소방학개론,4,소방기본법령상 소방신호의 종류로 옳지 않은 것은?,text_only,O,경계신호,발화신호,훈련신호,출동신호,4,126,Human,300,94,0,74.60317460317461,319.763937465618,2.173590956223901,0,0,0,N/A,0.0,2,False,2,N/A - Human Test,
127,소방안전교육사,2014,A,구급 및 응급처치론,40,수요밸브(demand valve) 소생기에 관한 설명으로 옳지 않은 것은?,text_only,,호흡이 없는 환자에게는 사용할 수 없다.,위 팽만 및 폐 손상을 유발할 수 있다.,소아에게는 사용하지 않는다.,기관내삽관 튜브와 연결하여 사용하는 것이 효과적이다.,1,127,Human,300,94,0,74.01574803149606,322.01955072207676,2.255613256458765,0,0,0,N/A,0.0,2,False,2,N/A - Human Test,
128,소방안전교육사,2019,B,교육학개론,82,체제접근적인 수업설계(instructional system design) 모형은 각 단계의 첫 글자를 따서 'ADDIE 모형'으로 소개되고 있다. 다음 중 수업설계를 위한 활동들을 ADDIE의 단계별로 올바르게 나열한 것은?,text_only,,요구분석 - 수업목표 명세화 - 교수자료 개발 - 사용 및 설치 - 성과에 대한 평가,학습자분석 - 교수자료 제작 - 성취목표 진술 - 유지 및 관리 - 평가보고,과제분석 - 형성평가 실시 - 교수전략 선정 - 목표진술 - 성과에 대한 평가,환경분석 - 평가도구 개발 - 교수자료 활용 및 관리 - 교수자료 제작 - 프로그램 가치에 대한 평가,1,128,Human,300,95,0,74.21875,324.43920857900525,2.4196578569284934,0,0,0,N/A,0.0,1,True,1,N/A - Human Test,
129,소방안전교육사,2022,A,구급 및 응급처치론,36,"오심, 구토, 상복부 압통과 팽만으로 내원하였다. 통증은 원쪽 상복부로 국한되고, 명치 부위와 등으로 방사된다. 이 환자의 의심되는 질환은?",text_only,,췌장염,금성 위염,쓸개염,막창자꼬리염,1,129,Human,300,96,0,74.4186046511628,326.16167688393745,1.7224683049321479,0,0,0,N/A,0.0,1,True,1,N/A - Human Test,
130,소방안전교육사,2018,A,교육학개론,92,피어슨 적률상관계수에 관한 설명으로 옳은 것을 모두 고른 것은?\n\nㄱ. 지능이 높을수록 국어성적이 높으면 두 점수 사이에는 정적 상관이 있다.\nㄴ. 결석횟수가 높을수록 수학성적이 낮으면 두 점수 사이에는 부적 상관이 있다.\nㄷ. 상관계수는 r로 표시며 범위는 -1.0 ≤ r ≤ +1.0이다.\nㄹ. r= +0.5가 r= -0.9보다 상관이 더 높다.,text_only,,"ㄱ, ㄴ","ㄷ, ㄹ","ㄱ, ㄴ, ㄷ","ㄱ, ㄴ, ㄷ, ㄹ",3,130,Human,300,97,0,74.61538461538461,328.1712232396916,2.0095463557541726,0,0,0,N/A,0.0,3,True,3,N/A - Human Test,
131,소방안전교육사,2019,B,소방학개론,22,가스화재 발생 시 밸브를 차단시킴으로써 가스공급이 중단되어 소화되는 원리는?,text_only,,냉각소화,제거소화,부촉매소화,질식소화,2,131,Human,300,97,0,74.04580152671755,331.7802044500256,3.608981210334024,0,0,0,N/A,0.0,3,False,3,N/A - Human Test,
132,소방안전교육사,2020,B,소방학개론,11,자연발화를 일으키는 원인으로 옳지 않은 것은?,text_only,,산화열,분해열,흡착열,기화열,4,132,Human,300,98,0,74.24242424242425,333.46166160484034,1.6814571548147157,0,0,0,N/A,0.0,4,True,4,N/A - Human Test,
133,소방안전교육사,2024,A,구급 및 응급처치론,49,성인의 가슴과 오른팔 전체에 2도 화상이 있다면 9의 법칙(rule of nine)을 적용한 화상면적(%)은?,text_only,,4.5,9,18,27,3,133,Human,300,99,0,74.43609022556392,335.7172748612991,2.255613256458765,0,0,0,N/A,0.0,3,True,3,N/A - Human Test,
134,소방안전교육사,2016,A,재난관리론,53,"다음 활동이 이루어지는 재난관리단계는?\n\n재난대응 계획의 수립, 비상경보시스템의 구축, 비상자원의 확보",text_only,,재난예방단계,재난대비단계,재난대응단계,재난복구단계,2,134,Human,300,100,0,74.6268656716418,337.5217654664661,1.804490605167012,0,0,0,N/A,0.0,2,True,2,N/A - Human Test,
135,소방안전교육사,2022,A,구급 및 응급처치론,31,교통사고로 인한 중추신경계 손상이 의심되는 환자의 이송자세에 관한 설명으로 옳지 않은 것은?,text_only,,"머리손상이 의심되는 경우, 들것의 머리 부위를 15 ~ 30° 가량 상향된 자세로 이송하는 것이 좋다.","환자가 개방성 목손상을 입어 공기색전증의 위험이 있는 경우, 녀압감소를 위해 머리부분을 약 30° 가량 상향시킨 채 환자를 눕힌다.","환자가 의식이 명료하고 척추손상이 의심되지 않을 경우, 기도로의 체액 유입 방지를 위해 환자를 약 45° 기울인 반좌 앉아있는 자세가 좋다.","기도삽관이 안된 상태에서 구토가 발생할 경우, 토사로 배출을 용이하게 하기 위해 환자와 고정판을 한꺼번에 회전시킬 준비를 한다.",2,135,Human,300,101,0,74.81481481481481,339.69535642269,2.173590956223901,0,0,0,N/A,0.0,2,True,2,N/A - Human Test,
136,소방안전교육사,2016,A,구급 및 응급처치론,45,"다음과 같은 피부손상을 보이는 경우 화상 정도는?\n\n◯ 붉은 표피는 만지면 하얗다가 다시 붉어진다.\n◯ 진피층의 경우 모낭, 한선, 피지선 손상이 있다.\n◯ 표피와 진피가 손상되어 혈장과 조직액이 유리된다.",text_only,,1 도,2 도,3 도,4 도,2,136,Human,300,102,0,75.0,341.5408581779745,1.8455017552844442,0,0,0,N/A,0.0,2,True,2,N/A - Human Test,
137,소방안전교육사,2020,B,구급 및 응급처치론,48,폐포 환기와 산-염기 상태를 평가하기 위한 호흡기능 검사법은?,text_only,,동맥혈가스분석,폐기능검사,맥박산소측정,세포학적검사,1,137,Human,300,103,0,75.18248175182481,343.7964714344332,2.255613256458765,0,0,0,N/A,0.0,1,True,1,N/A - Human Test,
138,소방안전교육사,2020,B,교육학개론,98,소방안전교육사 자격시험과 같이 특정 집수를 목표달성의 판단 근거로 정하는 평가 방식은?,text_only,,규준지향평가,준거지향평가,진단평가,형성평가,2,138,Human,300,104,0,75.36231884057972,346.2571404414792,2.4606690070459254,0,0,0,N/A,0.0,2,True,2,N/A - Human Test,
139,소방안전교육사,2019,B,구급 및 응급처치론,47,멸균 상태를 유지하는 기술인 외과적 무균법의 기본 원리로 옳지 않은 것은?,text_only,,멸균 영역 내에서 사용되는 모든 물품은 멸균된 것이어야 한다.,멸균 물품과 비멸균 물품이 접촉하면 비멸균으로 간주한다.,멸균 용기의 가장 자리 끝은 오염된 것으로 간주한다.,악물을 몸 안에 주사하기 위한 물품은 반드시 소독하여 사용한다.,4,139,Human,300,105,0,75.53956834532374,348.3487090974682,2.0915686559890365,0,0,0,N/A,0.0,4,True,4,N/A - Human Test,
140,소방안전교육사,2018,A,구급 및 응급처치론,27,천식 환자의 날숨(expiration) 때 들을 수 있는 것고 높은 휘파람 부는 듯한 호흡음은?,text_only,,거품소리(rale),그렁거림(stridor),쌕쌕거림(wheezing),가슴막마찰음(pleural friction rub),3,140,Human,300,106,0,75.71428571428571,350.5633112038095,2.2146021063413333,0,0,0,N/A,0.0,3,True,3,N/A - Human Test,
141,소방안전교육사,2024,A,소방학개론,20,소방기본법령상 소방신호의 종류에 관한 내용으로 옳지 않은 것은?,text_only,O,경계신호: 화재예방상 필요하다고 인정되거나 「화재의 예방 및 안전관리에 관한 법률」 제20조의 규정에 의한 화재위험경보시 발령,발화신호: 화재가 발생한 때 발령,해제신호: 소화활동이 필요없다고 인정되는 때 발령,출동신호: 출동이 필요하다고 인정되는 때 발령,4,141,Human,300,106,0,75.177304964539,353.2290359614426,2.665724757633086,0,0,0,N/A,0.0,3,False,3,N/A - Human Test,
142,소방안전교육사,2024,A,소방학개론,6,건축물 화재에서 나타나는 현상에 관한 설명으로 옳은 것은?,text_only,,환기지배형 화재는 산소 공급이 충분할 때 주로 발생한다.,목조건축물 화재는 저온장기형의 화재 성상을 나타낸다.,플래시오버(flash over)가 발생하면 연료지배형 화재에서 환기지배형 화재로 전환된다.,"플래시오버(flash over)와 롤오버(roll over)가 발생하는 경우, 플래시오버는 롤오버보다 먼저 발생한다.",3,142,Human,300,107,0,75.35211267605634,354.9104931162573,1.6814571548147157,0,0,0,N/A,0.0,3,True,3,N/A - Human Test,
143,소방안전교육사,2020,B,소방학개론,3,정전기로 인한 화재발생을 방지하기 위한 정전기 완화 대책으로 옳지 않은 것은?,text_only,,접지와 본딩을 실시한다.,공기 중의 상대습도를 70% 이상 유지한다.,전기의 부도체를 사용한다.,공기를 이온화 한다.,3,143,Human,300,108,0,75.52447552447552,356.9200394720115,2.0095463557541726,0,0,0,N/A,0.0,3,True,3,N/A - Human Test,
144,소방안전교육사,2022,A,소방학개론,6,건축법령상 고층건축물의 정의이다. ( )에 들어갈 내용으로 옳은 것은?\n\n고층건축물이란 층수가 ( ㄱ )층 이상이거나 높이가 ( ㄴ )미터 이상인 건축물을 말한다.,text_only,O,"ㄱ: 20, ㄴ: 100","ㄱ: 30, ㄴ: 120","ㄱ: 40, ㄴ: 150","ㄱ: 50, ㄴ: 200",2,144,Human,300,109,0,75.69444444444444,360.81609873316756,3.9370704112734805,0,0,0,N/A,0.0,2,True,2,N/A - Human Test,
145,소방안전교육사,2024,A,소방학개론,23,소방시설 설치 및 관리에 관한 법령상 소방시설 중 소화활동설비에 해당하는 것은?,text_only,O,스프링클러설비,연결살수설비,옥내소화전설비,자동화재탐지설비,2,145,Human,300,110,0,75.86206896551724,363.11272313974376,2.296624406576197,0,0,0,N/A,0.0,2,True,2,N/A - Human Test,
146,소방안전교육사,2024,A,소방학개론,21,소방기본법령상 소방안전교육사의 배치대상별 배치기준에 관한 내용으로 옳은 것은?,text_only,O,"소방청, 소방본부: 2명 이상",소방서: 2명 이상,한국소방안전원 본회: 1명 이상,한국소방산업기술원: 1명 이상,1,146,Human,300,111,0,76.02739726027397,366.06552594819885,2.9528028084551106,0,0,0,N/A,0.0,1,True,1,N/A - Human Test,
147,소방안전교육사,2024,A,구급 및 응급처치론,31,혈압을 조절하는 생리기전으로 옳은 것은?,text_only,,심박출량이 증가하면 혈압은 상승한다.,세동맥이 수축하면 혈압이 낮아진다.,혈액의 점도가 낮아지면 혈압은 높아진다.,좌심실 수축 시 형성되는 압력이 이완기압이다.,1,147,Human,300,112,0,76.19047619047619,368.19810575430535,2.132579806106469,0,0,0,N/A,0.0,1,True,1,N/A - Human Test,
148,소방안전교육사,2020,B,재난관리론,58,우리나라 재난관리의 추진방향으로 옳은 것은?,text_only,,"협력과 부처간의 업무조정 방식에서 명령, 지시, 통제, 감독의 방식으로 변화한다.",사전적 대응과 복구 중심에서 예방 및 대비강화 중심으로 변화한다.,민관협업과 중앙 · 지방간의 협업 방식을 배제하고 중앙정부와 공공부문에서 주도하는 방식으로 변화한다.,재난관리활동에 일반시민의 참여와 실천을 가급적 배제한다.,2,148,Human,300,113,0,76.35135135135135,369.9205740592375,1.7224683049321479,0,0,0,N/A,0.0,2,True,2,N/A - Human Test,
149,소방안전교육사,2019,B,교육학개론,88,합리적 정서행동치료(REBT)에 관한 설명으로 옳은 것을 모두 고른 것은?\n\nㄱ. 정서적 문제는 비합리적 사고에서 비롯된다.\nㄴ. 비합리적 사고를 재구성하는 것이 상담의 주요과제이다.\nㄷ. '모든 사람으로부터 사랑과 인정을 받아야 한다.'는 비합리적 신념의 예라할 수 있다.\nㄹ. 인간의 잠재력과 성장 가능성을 믿으므로 상담자와 내담자 사이의 인간관계를 중요시한다.,text_only,,"ㄱ, ㄷ","ㄴ, ㄹ","ㄱ, ㄴ, ㄷ","ㄱ, ㄴ, ㄹ",3,149,Human,300,114,0,76.51006711409396,375.62112392556054,5.70054986632306,0,0,0,N/A,0.0,3,True,3,N/A - Human Test,
150,소방안전교육사,2019,B,재난관리론,59,재난 및 안전관리 기본법령상 안전기준의 분야 및 범위의 내용으로 옳지 않은 것은?,text_only,O,건축 시설 분야: 각종 공사장 및 산업현장에서의 주택 시설물과 그 시설의 사용자 또는 관리자 등의 안전부주의 등과 관련된 안전기준,"생활 및 여가 분야: 생활이나 여가활동에서 사용하는 기구, 놀이시설 및 각종 외부활동과 관련된 안전기준","보건 · 식품 분야: 의료 · 감염, 보건복지, 축산 · 수산 · 식품 위생 관련 시설 및 물질관련 안전기준","환경 및 에너지 분야: 대기환경 · 토양환경 · 수질환경 · 인체에 위협을 유발하는 유해성 물질과 시설, 발전시설 운영과 관련된 안전기준",1,150,Human,300,115,0,76.66666666666667,379.35313858624687,3.7320146606863203,0,0,0,N/A,0.0,1,True,1,N/A - Human Test,
151,소방안전교육사,2020,B,구급 및 응급처치론,37,어린이의 뼈가 불완전하게 일부 부러진 골절은?,text_only,,횡 골절,나선 골절,부전 골절,굴절 골절,3,151,Human,300,116,0,76.82119205298014,382.83908634622856,3.4449366098642957,0,0,0,N/A,0.0,3,True,3,N/A - Human Test,
152,소방안전교육사,2020,B,재난관리론,75,자연재해대책법령상 우수유출저감대책에 포함되어야 할 사항은?,text_only,O,우수유출저감시설의 규모에 관한 사항,우수유출저감시설의 구조에 관한 사항,우수유출저감시설의 연도별 설치에 관한 사항,우수유출저감시설의 인력에 관한 사항,3,152,Human,300,117,0,76.97368421052632,384.8076215518653,1.9685352056367402,0,0,0,N/A,0.0,3,True,3,N/A - Human Test,
153,소방안전교육사,2014,A,소방학개론,4,다음 중 화학적 폭발현상을 모두 고른 것은?\n\nㄱ. 산화폭발\nㄴ. 분해폭발\nㄷ. 중합폭발\nㄹ. 수증기폭발,text_only,,"ㄱ, ㄹ","ㄴ, ㄷ","ㄱ, ㄴ, ㄷ","ㄱ, ㄷ, ㄹ",3,153,Human,300,118,0,77.12418300653596,387.02222365820666,2.255613256458765,0,0,0,N/A,0.0,3,True,3,N/A - Human Test,
154,소방안전교육사,2019,B,소방학개론,14,폭굉(detonation)에 관한 설명으로 옳지 않은 것은?,text_only,,"폭굉파는 1,000 ~ 3,500 m/s정도로 빠르다.",온도상승은 충격파의 압력에 비례한다.,화염전파속도가 음속보다 느리다.,폭굉파를 형성하여 물리적인 충격에 의한 피해가 크다.,3,154,Human,300,119,0,77.27272727272727,390.6722160186581,3.6499923604514564,0,0,0,N/A,0.0,3,True,3,N/A - Human Test,
155,소방안전교육사,2024,A,재난관리론,60,긴급구조대응활동 및 현장지휘에 관한 규칙상 긴급구조기관의 장이 구축해야 하는 긴급구조체제에 포함되지 않는 것은?,text_only,,자원관리체제,비상대응체제,종합상황실과 해양경찰관서 상황실 간의 연계체제,아마추어무선통신(HAM) 등 긴급구조 보조통신체제,2,155,Human,300,120,0,77.41935483870968,393.62501882711325,2.9528028084551106,0,0,0,N/A,0.0,2,True,2,N/A - Human Test,
156,소방안전교육사,2022,A,교육학개론,78,다음 설명에 해당하는 교육사상가는?\n\nO 자연주의와 직관주의의 영향을 받아 노작교육을 강조하였다.\nO 사물을 교육의 핵심으로 보았다.\nO 지 · 덕 · 체가 조화롭게 발달되는 전인교육을 강조하였다.\nO 빈민을 위한 교육을 실천하였다.,text_only,,듀이(J. Dewey),루소(J. Rousseau),페스탈로찌(J. Pestalozzi),코메니우스(J. Comenius),3,156,Human,300,121,0,77.56410256410257,395.880632083572,2.2146021063413333,0,0,0,N/A,0.0,3,True,3,N/A - Human Test,
157,소방안전교육사,2019,B,교육학개론,77,"교육공학의 학문적인 영역에서 계획 기능에 초점을 맞춘 것으로, 학습을 위한 조건들을 세분화하는 과정은?",text_only,,개발,활용,설계,관리,3,157,Human,300,122,0,77.70700636942675,398.1362453400307,2.255613256458765,0,0,0,N/A,0.0,3,True,3,N/A - Human Test,
158,소방안전교육사,2018,A,재난관리론,57,재난 및 안전관리 기본법령상 재난피해자에 대한 상담활동지원계획을 수립·시행시 포함해야 할 내용으로 옳지 않은 것은?,text_only,O,상담 활동 지원을 위한 교육·연구 및 홍보,재난 및 피해 유형별 상담 활동의 세부 지원방안,정신건강증진시설의 설립,심리회복 전문가 인력 확보 및 유관기관과의 협업체계 구축,3,158,Human,300,123,0,77.84810126582279,400.2278139960198,2.0915686559890365,0,0,0,N/A,0.0,3,True,3,N/A - Human Test,
159,소방안전교육사,2014,A,소방학개론,6,내화건축물의 화재특성에 관한 설명으로 옳지 않은 것은?,text_only,,일반적으로 초기-성장기-최성기-종기의 화재진행과정을 나타낸다.,일반적으로 초기-성장기-최성기-종기의 화재진행과정을 나타낸다.,최성기에서 종기로 넘어가는 시기에 플래시오버(flash over)가 발생된다.,화재하중이 높을수록 화재가혹도가 크다.,3,159,Human,300,124,0,77.9874213836478,403.3446614049446,3.116847408924839,0,0,0,N/A,0.0,3,True,3,N/A - Human Test,
160,소방안전교육사,2024,A,교육학개론,93,켈러(J. Keller)의 ARCS모형에서 제시하는 '관련성'의 하위 전략에 해당하는 것은?,text_only,,지각적 주의환기 전략,성공기회 제시 전략,다양성 전략,친밀성 전략,4,160,Human,300,125,0,78.125,405.3952189108162,2.0505575058716046,0,0,0,N/A,0.0,4,True,4,N/A - Human Test,
161,소방안전교육사,2018,A,소방학개론,10,"메탄과 부탄이 2 : 5의 부피비율로 혼합되어 있을 때, Le Chatelier의 법칙을 이용하여 계산한 혼합가스의 연소범위 하한계(vol %)는? (단, 메탄과 부탄의 연소범위 하한계는 각각 5 vol %, 1.8 vol %이다.)",text_only,,1.2,1.6,2.2,3.2,3,161,Human,300,125,0,77.63975155279503,407.6918433173924,2.296624406576197,0,0,0,N/A,0.0,1,False,1,N/A - Human Test,
162,소방안전교육사,2018,A,교육학개론,84,피아제(J. Piaget)의 인지발달이론에 관한 설명으로 옳지 않은 것은?,text_only,,도식(schema)은 한 개인이 외부 환경을 지적으로 조직하여 처해 있는 환경에 수월하게 적응할 수 있도록 해주는 것을 일컫는다.,동화(assimilation)는 자신이 이미 가지고 있는 도식 또는 인지 구조에 의해 외부의 대상을 받아들이는 인지과정이다.,조절(accommodation)은 새로운 경험을 의미 있게 해석하기 위하여 자신의 기존 이해의 틀을 새로운 경험에 알맞게 바꾸는 과정이다.,보존(conservation)은 물체가 자신의 지각 여부에 관계없이 환경 속에 존재한다는 것이다.,4,162,Human,300,126,0,77.77777777777779,409.29127817197224,1.5994348545798516,0,0,0,N/A,0.0,4,True,4,N/A - Human Test,
163,소방안전교육사,2022,A,교육학개론,85,공식적 교육과정에 관한 설명으로 옳은 것을 모두 고른 것은?\n\nㄱ. 무계획적이다.\nㄴ. 계획적이다.\nㄷ. 의도적이다.\nㄹ. 비의도적이다.,text_only,,"ㄱ, ㄴ","ㄱ, ㄹ","ㄴ, ㄷ","ㄷ, ㄹ",3,163,Human,300,127,0,77.91411042944786,411.7109360289008,2.4196578569284934,0,0,0,N/A,0.0,3,True,3,N/A - Human Test,
164,소방안전교육사,2024,A,교육학개론,86,피아제(J. Piaget)의 인지발달단계에 따른 발달 특성의 연결이 옳은 것은?,text_only,,감각운동기 - 자아중심성,전조작기 - 대상영속성,구체적 조작기 - 서열화,형식적 조작기 - 가역적 사고,3,164,Human,300,128,0,78.04878048780488,414.5407053870036,2.8297693581028143,0,0,0,N/A,0.0,3,True,3,N/A - Human Test,
165,소방안전교육사,2022,A,구급 및 응급처치론,47,"건물 화재로 인한 화상 환자 검진 시, 오른쪽 하지에 수포와 부종이 관찰되었다. 이 환자의 화상 분류는?",text_only,,1도 화상,2도 화상,3도 화상,4도 화상,2,165,Human,300,129,0,78.18181818181819,417.90361969663303,3.3629143096294314,0,0,0,N/A,0.0,2,True,2,N/A - Human Test,
166,소방안전교육사,2019,B,재난관리론,64,재난 및 안전관리 기본법령상 안전기준심의회의 구성 및 운영 등에 관한 내용으로 옳은 것은?,text_only,O,의장을 포함한 50명 이내의 위원으로 구성한다.,의장은 행정안전부의 재난안전관리사무를 담당하는 본부장이 된다.,"위촉위원의 임기는 4년으로 하며, 한 차례만 연임할 수 있다.","심의회는 재적위원 과반수의 출석으로 개의하고, 출석위원 3분의 2 이상 찬성으로 의결하여야 한다.",2,166,Human,300,130,0,78.3132530120482,420.03619950273946,2.132579806106469,0,0,0,N/A,0.0,2,True,2,N/A - Human Test,
167,소방안전교육사,2024,A,교육학개론,92,"다음 설명에 해당하는 수업방법은?\n\nO 수업 전에 주어진 자료를 통해 자기주도적으로 사전학습을 수행한다.\nO 수업 중에는 문제풀이, 토론 등 다양한 학습자중심 활동을 전개한다.\nO 전통적인 교실 안 수업과 교실 밖 학습의 흐름을 뒤집는 방법이다.",text_only,,문제중심학습,협동학습,거꾸로학습,완전학습,3,167,Human,300,131,0,78.44311377245509,422.2508016090808,2.2146021063413333,0,0,0,N/A,0.0,3,True,3,N/A - Human Test,
168,소방안전교육사,2024,A,교육학개론,79,다음 내용에 해당하는 미국의 교육철학은?\n\nO 실용주의 철학의 영향을 받았다.\nO 학습에서 아동의 흥미를 중요시 여긴다.\nO 학습활동은 학습자중심으로 전개되어야 한다.\nO 문제해결능력 함양을 교육목적으로 제시한다.,text_only,,항존주의,진보주의,재건주의,본질주의,2,168,Human,300,131,0,77.97619047619048,424.21933681471756,1.9685352056367402,0,0,0,N/A,0.0,3,False,3,N/A - Human Test,
169,소방안전교육사,2018,A,구급 및 응급처치론,33,환자에게 눈을 감도록 한 다음 코를 한 쪽씩 막고 물체의 냄새를 구별할 수 있는지 알아보고 있다. 어느 뇌신경의 이상을 검사하는 것인가?,text_only,,제1뇌신경,제3뇌신경,제5뇌신경,제7뇌신경,1,169,Human,300,132,0,78.10650887573965,426.63899467164606,2.4196578569284934,0,0,0,N/A,0.0,1,True,1,N/A - Human Test,
170,소방안전교육사,2022,A,교육학개론,81,"다음 내용에 해당하는 피아제(J. Piaget)의 인지발달 단계는?\n\n소방이는 인형을 깨물면 인형이 아파할 것이라고 생각하고, 바가 오면 구름이 슬퍼서 울기 때문이라고 믿는다. 또한 주변 다른 사람의 관점을 고려하지 못하고 자신의 관점에서만 세상을 지각하려는 경향이 있다.",text_only,,감각운동기,전조작기,구체적조작기,형식적조작기,2,170,Human,300,133,0,78.23529411764706,428.68955217751767,2.0505575058716046,0,0,0,N/A,0.0,2,True,2,N/A - Human Test,
171,소방안전교육사,2020,B,구급 및 응급처치론,41,"매슬로우의 인간 기본욕구 단계 중 공기, 물, 음식 등을 통하여 생명을 유지하고자 하는 욕구는?",text_only,,생리적 욕구,안전과 안정 욕구,사랑과 소속의 욕구,자아실현의 욕구,1,171,Human,300,134,0,78.3625730994152,430.6580873831544,1.9275240555193083,0,0,0,N/A,0.0,1,True,1,N/A - Human Test,
172,소방안전교육사,2024,A,소방학개론,22,"소방기본법령상 소방업무에 관한 종합계획의 수립 · 시행 등에 관한 내용이다. ( )에 들어갈 숫자로 옳은 것은?\n\n소방청장은 화재, 재난 · 재해, 그 밖의 위급한 상황으로부터 국민의 생명 · 신체 및 재산을 보호하기 위하여 소방업무에 관한 종합계획을 ( )년마다 수립 · 시행하여야 하고, 이에 필요한 재원을 확보하도록 노력하여야 한다.",text_only,O,1,3,5,10,3,172,Human,300,135,0,78.48837209302324,432.3395445379691,1.6814571548147157,0,0,0,N/A,0.0,3,True,3,N/A - Human Test,
173,소방안전교육사,2022,A,구급 및 응급처치론,40,응급의료종사자가 경추 손상이 있는 외상 환자에게 할 수 있는 적절한 기도유지법을 모두 고른 것은?\n\nㄱ. 머리기울임-턱들어올리기 ㄴ. 턱밀어올리기 ㄷ. 변형된 턱밀어올리기,text_only,,ㄱ,ㄴ,"ㄱ, ㄴ","ㄴ, ㄷ",4,173,Human,300,136,0,78.61271676300578,433.97999054266637,1.6404460046972837,0,0,0,N/A,0.0,4,True,4,N/A - Human Test,
174,소방안전교육사,2020,B,교육학개론,80,피아제(J. Piaget)의 인지발달단계에 관한 것으로 옳지 않은 것은?,text_only,,"전조작기에서는 의사, 슈퍼맨 등의 역할을 설정하여 가상의 이야기를 할 수 있다.",구체적 조작기에서는 가설을 세워 검증하는 가설 연역적 사고를 할 수 있다.,감각운동기에서는 장난감을 보여주고 나서 숨기면 찾으려고 한다.,"형식적 조작기에서는 문제해결에 필요한 변인을 골라 체계적으로 조합, 구성할 수 있다.",2,174,Human,300,137,0,78.73563218390804,435.5384142471288,1.5584237044624194,0,0,0,N/A,0.0,2,True,2,N/A - Human Test,
175,소방안전교육사,2024,A,교육학개론,100,ADDIE모형에 관한 설명으로 옳은 것은?,text_only,,"분석(Analysis)은 요구분석, 학습자분석, 계열화를 포함한다.","설계(Design)는 수행목표 명세화, 교수전략 선정, 동기설계를 포함한다.","개발(Development)은 교수자료 개발, 파일럿테스트 및 수정을 포함한다.",평가(Evaluation)는 평가도구 개발과 성과평가를 포함한다.,3,175,Human,300,138,0,78.85714285714286,438.1631278546445,2.624713607515654,0,0,0,N/A,0.0,3,True,3,N/A - Human Test,
176,소방안전교육사,2024,A,구급 및 응급처치론,46,넙다리뼈 몸통 부위의 골절 고정과 통증 감소를 위해 사용되는 장비는?,text_only,,견인부목,삼각건,베개,구출고정대,1,176,Human,300,139,0,78.97727272727273,439.7625627092243,1.5994348545798516,0,0,0,N/A,0.0,1,True,1,N/A - Human Test,
177,소방안전교육사,2019,B,소방학개론,9,"다음은 중성대에 관한 설명이다. ( )에 알맞은 용어를 순서대로 올게 나열한 것은?\n\n구획실 내에서 화재가 발생하면 고온연기는 ( ㄱ )에 의해 실의 천장부터 축적되면서 압력을 변화시킨다. 고온연기의 상승으로 상부는 ( ㄴ )이 형성되고, 하부에는 ( ㄷ )이 형성되어 외부로부터 신선한 공기가 유입된다.",text_only,,"ㄱ: 부력, ㄴ: 양압, ㄷ: 음압","ㄱ: 부력, ㄴ: 음압, ㄷ: 양압","ㄱ: 응력, ㄴ: 양압, ㄷ: 음압","ㄱ: 응력, ㄴ: 음압, ㄷ: 양압",1,177,Human,300,140,0,79.09604519774011,442.2232317162702,2.4606690070459254,0,0,0,N/A,0.0,1,True,1,N/A - Human Test,
178,소방안전교육사,2018,A,교육학개론,96,행동주의 학습이론의 강화(reinforcement)에 관한 설명으로 옳지 않은 것은?,text_only,,불쾌 자극이 제거됨으로써 행동이나 반응의 빈도를 증가시키는 것을 벌(punishment)이라고 한다.,고정간격강화는 강화를 주는 시간 간격을 일정하게 하는 것이다.,쾌 자극을 제공함으로써 행동의 빈도를 증가시키는 것을 정적 강화라고 한다.,변동비율강화는 연속강화가 아니라 간헐강화에 속한다.,1,178,Human,300,141,0,79.21348314606742,443.69963312049777,1.4764014042275553,0,0,0,N/A,0.0,1,True,1,N/A - Human Test,
179,소방안전교육사,2024,A,재난관리론,65,다음 중 국내에서 인명피해가 가장 많이 발생한 대형재난은?,text_only,,삼풍백화점 붕괴,성수대교 붕괴,세월호 침몰,서해페리호 침몰,1,179,Human,300,142,0,79.3296089385475,445.6271571760171,1.9275240555193083,0,0,0,N/A,0.0,1,True,1,N/A - Human Test,
180,소방안전교육사,2022,A,소방학개론,10,"20 ℃, 1기압에서 뷰테인(butane) 가스 3몰(mol)을 완전 연소시키는데 필요한 공기량은 약 몇 몰(mol)인가? (단, 공기 중 산소 농도는 21 vol% 이다.)",text_only,,28.57,50.23,71.42,92.86,4,180,Human,300,142,0,78.88888888888889,447.6777146818887,2.0505575058716046,0,0,0,N/A,0.0,2,False,2,N/A - Human Test,
181,소방안전교육사,2024,A,소방학개론,25,건축물의 화재 시 인간의 피난행동 특성을 고려한 피난계획의 원칙에 관한 설명으로 옳지 않은 것은?,text_only,,피난수단은 원시적인 방법보다 기계 · 전기적인 방법을 우선한다.,"피난설비는 고정설비(고정사다리 등)로 하고, 이동식 피난설비(완강기, 구조대 등)는 소수 인원을 위한 보조 수단으로 사용한다.",인간은 건물 화재 시 원래 온 길 또는 늘 사용하는 경로나 공간을 통해 피난하려는 귀소본능이 있음을 고려한다.,인간은 화재 시의 정진 또는 검은 연기의 유동으로 주위가 어두워지면 밝은 곳으로 피난하려는 지광본능이 있음을 고려한다.,1,181,Human,300,143,0,79.00552486187846,450.26141713928695,2.5837024573982217,0,0,0,N/A,0.0,1,True,1,N/A - Human Test,
182,소방안전교육사,2019,B,교육학개론,100,"콜먼(J. Coleman)의 교육평등관에 관한 설명으로 옳은 것을 모두 고른 것은?\n\nㄱ. 교육평등의 네 단계는 교육기회의 허용, 교육기회의 보장, 교육조건의 평등, 교육결과의 평등이다.\nㄴ. 보상교육을 통해 사회집단 간의 교육결과에 대한 평등을 이끌어 내야 한다.\nㄷ. 불우한 계층집단의 학업 실패 원인은 학생의 가정배경에 있는 것이 아니라 학교에 있다.\nㄹ. 사회집단 간의 학업성취도 차이는 학교 간의 교육여건 차이에서 비롯된다.",text_only,,"ㄱ, ㄴ","ㄱ, ㄹ","ㄴ, ㄷ","ㄷ, ㄹ",1,182,Human,300,144,0,79.12087912087912,452.8041084465677,2.5426913072807897,0,0,0,N/A,0.0,1,True,1,N/A - Human Test,
183,소방안전교육사,2020,B,소방학개론,2,위험물안전관리법령상 지정수량 이상의 위험물 운반 시 혼재하여 적재할 수 있는 위험물의 조합으로 옳은 것은?,text_only,O,제1류 위험물과 제3류 위험물,제2류 위험물과 제4류 위험물,제3류 위험물과 제5류 위험물,제4류 위험물과 제6류 위험물,2,183,Human,300,145,0,79.23497267759562,454.77264365220447,1.9685352056367402,0,0,0,N/A,0.0,2,True,2,N/A - Human Test,
184,소방안전교육사,2022,A,교육학개론,95,캐롤(J. Carroll)의 학교학습모형에서 '학습의 정도'를 구성하는 변인이 아닌 것은?,text_only,,학습기회,수업이해력,적성,점수,4,184,Human,300,146,0,79.34782608695652,457.47937955995496,2.7477470578679504,0,0,0,N/A,0.0,4,True,4,N/A - Human Test,
185,소방안전교육사,2018,A,구급 및 응급처치론,50,"과다호흡증후군을 보이는 수험생에게 필요한 응급처치로 옳지 않은 것은? (단, 다른 질환은 없다.)",text_only,,천천히 숨을 쉬도록 해 호흡을 고르게 해준다.,고농도의 산소를 투여한다.,스트레스 요인과 격리시킨다.,조이는 옷을 편안하게 해준다.,2,185,Human,300,147,0,79.45945945945945,459.283870165122,1.804490605167012,0,0,0,N/A,0.0,2,True,2,N/A - Human Test,
186,소방안전교육사,2018,A,소방학개론,16,구획된 건물화재의 현상에 관한 설명으로 옳지 않은 것은?,text_only,,연료지배형화재는 화재실 내부에 있는 가연물의 양에 의존하는 화재 현상이다.,환기지배형화재는 화재실로 유입되는 환기량에 의존하는 화재 현상이다.,플래시오버 이후에는 화재실 내의 공기량이 부족하여 개구부를 통해 유입되는 환기량에 영향을 받는다.,"환기요소(환기계수)는 개구부의 면적에 비례하고, 개구부의 높이에 반비례한다.",4,186,Human,300,148,0,79.56989247311827,461.0473496201716,1.7224683049321479,0,0,0,N/A,0.0,4,True,4,N/A - Human Test,
187,소방안전교육사,2018,A,교육학개론,91,척도(scale)에 관한 설명으로 옳은 것은?,text_only,,"등간척도(interval scale)는 서열성, 등간성, 비율성의 속성을 모두 포함한다.",명명척도(nominal scale)는 순위에 대한 정보를 가지고 있다.,서열척도(ordinal scale)에서는 측정치 사이의 간격이 동일하다.,"무게, 키, 나이는 비율척도(ratio scale)에 해당한다.",4,187,Human,300,149,0,79.67914438502673,463.9591412785092,2.9528028084551106,0,0,0,N/A,0.0,4,True,4,N/A - Human Test,
188,소방안전교육사,2014,A,구급 및 응급처치론,29,추위에 노출된 인체가 체온을 유지하기 위한 보상기전은?,text_only,,털세움근이 수축된다.,말초혈관이 확장된다.,심박출량이 감소된다.,근긴장도가 감소된다.,1,188,Human,300,150,0,79.7872340425532,465.8046430337937,1.804490605167012,0,0,0,N/A,0.0,1,True,1,N/A - Human Test,
189,소방안전교육사,2019,B,소방학개론,21,"화재현장에서 20℃의 물 10 kg을 화염면에 방사하였더니 100℃일 때 수증기로 기화해 화염확산을 억제하였다. 이 때 소화약제로 작용한 물이 흡수한 전체 열량은 몇 kcal인가? (단, 물의 비열은 1 kcal/kg · ℃로 한다.)",text_only,,800,"5,390","6,190","6,290",3,189,Human,300,150,0,79.36507936507937,467.8552005396653,2.0505575058716046,0,0,0,N/A,0.0,4,False,4,N/A - Human Test,
190,소방안전교육사,2018,A,구급 및 응급처치론,28,혈압을 조절하는 생리적 기전에 관한 설명으로 옳은 것은?,text_only,,세동맥이 수축하면 혈압이 낮아진다.,심박출량이 감소하면 혈압이 높아진다.,혈액의 점도가 증가하면 혈압이 낮아진다.,혈관의 탄력성이 떨어지면 혈압이 높아진다.,4,190,Human,300,151,0,79.47368421052632,469.82373574530203,1.9685352056367402,0,0,0,N/A,0.0,4,True,4,N/A - Human Test,
191,소방안전교육사,2020,B,구급 및 응급처치론,50,앉았다가 일어섰을 때 일시적인 현기증을 호소하며 수축기혈압은 20 mmHg 이상 감소되었다. 이 환자의 상태는?,text_only,,기립성저혈압(직립성저혈압),고혈압,쿠스마울호흡,심폐기능 정지,1,191,Human,300,152,0,79.58115183246073,473.39170580551865,3.567970060216592,0,0,0,N/A,0.0,1,True,1,N/A - Human Test,
192,소방안전교육사,2019,B,구급 및 응급처치론,33,공장에서 알칼리 성분의 용액을 옮기다가 쏟아지면서 환자의 양손에 묻었다. 일반적인 응급처치로 옳은 것은?,text_only,,중화제를 사용하여 제거한다.,글리세롤로 닦아낸다.,알코올로 닦아낸다.,다량의 물로 충분히 씻어낸다.,4,192,Human,300,153,0,79.6875,475.11417411045073,1.6814571548147157,0,0,0,N/A,0.0,4,True,4,N/A - Human Test,
193,소방안전교육사,2018,A,교육학개론,78,학교교육의 기능론적 관점에 관한 설명으로 옳지 않은 것은?,text_only,,학교교육은 사회의 질서 유지와 통합에 기여한다.,학교교육은 인력을 양성하여 적재적소에 선발·배치한다.,학교교육의 성취 수준은 개인의 노력 정도에 따라 결정된다.,개인의 노력보다 가정배경이 학업 성취수준과 이후의 사회적 지위를 결정한다.,4,193,Human,300,154,0,79.79274611398964,477.3287762167921,2.2146021063413333,0,0,0,N/A,0.0,4,True,4,N/A - Human Test,
194,소방안전교육사,2014,A,재난관리론,62,재난 및 안전관리 기본법령상 시장·군수·구청장이 매년 1회 이상 관할 주민에게 공시하여야 하는 재난관리실태에 포함되지 않는 것은?,text_only,O,재난훈련의 실적,재난예방조치 실적,재난관리기금의 적립 현황,전년도 재난의 발생 및 수습 현황,1,194,Human,300,155,0,79.89690721649485,479.9124786741903,2.5837024573982217,0,0,0,N/A,0.0,1,True,1,N/A - Human Test,
195,소방안전교육사,2018,A,교육학개론,97,타일러(R. Tyler)는 교육과정과 수업을 계획할 때 수행해야 할 과제를 질문의 형태로 제시하였다. 다음 제시문 중 그 과제에 해당하는 것을 모두 고른 것은?\n\nㄱ. 학교가 달성해야 할 교육목표는 무엇인가?\nㄴ. 목표를 달성하기 위하여 어떤 학습경험을 제공해야 하는가?\nㄷ. 학습경험을 효과적으로 조직하는 방법은 무엇인가?\nㄹ. 목표가 달성되었는지를 어떻게 알 수 있는가?,text_only,,"ㄱ, ㄴ","ㄷ, ㄹ","ㄱ, ㄴ, ㄹ","ㄱ, ㄴ, ㄷ, ㄹ",4,195,Human,300,156,0,80.0,482.0450584802968,2.132579806106469,0,0,0,N/A,0.0,4,True,4,N/A - Human Test,
196,소방안전교육사,2022,A,구급 및 응급처치론,50,폭발로 인한 구조물 붕괴사고로 사지부위의 압좌손상이 오랜 시간 지속되어 으깨진 부위에서 독성물질이 축적된 후 중심 순환계로 혈류가 돌아올 경우 유발될 수 있는 문제는?,text_only,,당뇨병,다뇨증,심부정맥,심각한 알칼리증,3,196,Human,300,157,0,80.10204081632652,485.61302854051337,3.567970060216592,0,0,0,N/A,0.0,3,True,3,N/A - Human Test,
197,소방안전교육사,2018,A,재난관리론,65,자연재해대책법령상 재해 유형에 따른 단계별 행동요령에 포함되어야 할 세부사항으로 옳은 것은?,text_only,O,예방단계: 재해가 예상되거나 발생할 경우 비상근무계획에 관한 사항,대응단계: 통신·전력·가스·수도 등 국민생활에 필수적인 시설의 응급복구에 관한 사항,복구단계: 유관기관 및 방송사에 대한 상황 전파 및 방송 요청에 관한 사항,대비단계: 방재물자·통원장비의 확보·지정 및 관리에 관한 사항,2,197,Human,300,157,0,79.69543147208121,487.95066409720704,2.337635556693629,0,0,0,N/A,0.0,3,False,3,N/A - Human Test,
198,소방안전교육사,2014,A,재난관리론,69,자연재해대책법령상 방재기술 진흥계획의 수립에 포함되어야 하는 내용으로 옳지 않은 것은?,text_only,O,방재기술의 정보관리,방재기술 진흥 연구기관의 육성,신규 개발된 기술의 확산에 관한 사항,방재기술 개발사업의 연도별 투자 및 추진 계획,3,198,Human,300,158,0,79.7979797979798,490.0832439033135,2.132579806106469,0,0,0,N/A,0.0,3,True,3,N/A - Human Test,
199,소방안전교육사,2018,A,교육학개론,94,"규준지향평가(norm-referenced evaluation)에 관한 설명으로 옳은 것을 모두 고른 것은?\n\nㄱ. 개인의 점수를 다른 사람들의 점수와 상대적으로 비교하는 평가방식이다.\nㄴ. 원점수가 같더라도 규준에 따라 환산 점수가 달라질 수 있다.\nㄷ. 영역지향평가, 목표지향평가라고 지칭되기도 한다.\nㄹ. 개인의 점수를 절대적인 성취기준에 비추어 해석하는 평가방식이다.",text_only,,"ㄱ, ㄴ","ㄷ, ㄹ","ㄴ, ㄷ, ㄹ","ㄱ, ㄴ, ㄷ, ㄹ",1,199,Human,300,159,0,79.89949748743719,492.29784600965485,2.2146021063413333,0,0,0,N/A,0.0,1,True,1,N/A - Human Test,
200,소방안전교육사,2018,A,재난관리론,55,2003년 제주도에서 관측된 최대순간풍속이 60 m/s로 기록된 태풍은?,text_only,,사라,셀마,루사,매미,4,200,Human,300,160,0,80.0,494.34840351552646,2.0915686559890365,0,0,0,N/A,0.0,4,True,4,N/A - Human Test,
201,소방안전교육사,2022,A,구급 및 응급처치론,27,맥박에 관한 설명으로 옳지 않은 것은?,text_only,,맥박수 증가는 저혈량 발생 시 나타나는 보상반응으로 쇼크의 초기 징후이다.,"맥박은 검지, 중지 또는 검지, 중지, 약지를 이용하여 촉진한다.",주기의 변동 없는 상태에서 강한 맥박과 약한 맥박이 규칙적으로 교차하는 상태를 교대맥박이라 한다.,"빠르고 강한 맥박은 두부손상과 관련되며, 느리고 강한 맥박은 교감신경계 자극과 관련된다.",4,201,Human,300,161,0,80.09950248756219,496.85008367268983,2.5016801571633573,0,0,0,N/A,0.0,4,True,4,N/A - Human Test,
202,소방안전교육사,2022,A,재난관리론,61,재난 및 안전관리 기본법령상 재난관리에 재난안전통신망을 사용하여야 하는 재난관리기관이 아닌 것은?,text_only,O,재난관리책임기관,긴급구조지원기관,긴급구조기관,자원봉사기관,4,202,Human,300,162,0,80.19801980198021,502.7967004397174,5.946616767027653,0,0,0,N/A,0.0,4,True,4,N/A - Human Test,
203,소방안전교육사,2020,B,교육학개론,90,다음 진술과 관련이 있는 교육과정 이론은?\n\nO 지식의 상대성\nO 학생의 주체적 의미 형성\nO 학습의 맥락성\nO 과정 평가와 질적 평가,text_only,,교과 중심 교육과정,경험 중심 교육과정,구성주의 교육과정,학문 중심 교육과정,3,203,Human,300,163,0,80.29556650246306,504.43714644441474,1.6814571548147157,0,0,0,N/A,0.0,3,True,3,N/A - Human Test,
204,소방안전교육사,2014,A,구급 및 응급처치론,49,한 등산객이 폐쇄된 탐방로로 들어가던 중 살모사에 오른쪽 다리를 물렸다. 응급 처치 방법으로 옳은 것은?,text_only,,부목으로 다리를 고정시킨다.,지혈대로 동맥을 차단시킨다.,얼음을 대서 독소의 확산을 막는다.,전기 자극을 가해 독소의 확산을 막는다.,1,204,Human,300,164,0,80.3921568627451,506.24163704958175,1.7634794550495798,0,0,0,N/A,0.0,1,True,1,N/A - Human Test,
205,소방안전교육사,2018,A,소방학개론,12,"다음 가연물 중 위험도가 가장 높은 물질과 가장 낮은 물질로 옳게 나열한 것은? (단, 위험도=(연소범위 상한계-연소범위 하한계) ÷ (연소범위 하한계)로 나타낸다.)\n\nㄱ. 산화에틸렌\nㄴ. 이황화탄소\nㄷ. 메탄\nㄹ. 휘발유",text_only,,"ㄱ, ㄷ","ㄱ, ㄹ","ㄴ, ㄷ","ㄴ, ㄹ",3,205,Human,300,165,0,80.48780487804879,508.3332057055708,2.132579806106469,0,0,0,N/A,0.0,3,True,3,N/A - Human Test,
206,소방안전교육사,2019,B,구급 및 응급처치론,46,매슬로우의 인간의 기본욕구 단계 중 욕구가 만족되면 자신을 필요한 사람으로 인식하며 자신감을 갖게 되지만 그렇지 못할 경우 열등감 내지 무력감을 갖게 되는 욕구 단계는?,text_only,,생리적 욕구,사랑과 소속의 욕구,자아존중의 욕구,자아실현의 욕구,3,206,Human,300,166,0,80.58252427184466,509.97365171026803,1.6404460046972837,0,0,0,N/A,0.0,3,True,3,N/A - Human Test,
207,소방안전교육사,2022,A,구급 및 응급처치론,49,"석회가루와 접촉하여 피부손상이 발생하였을 때, 상처부위의 응급처치로 옳은 것은?",text_only,,중화제를 뿌린다.,알코올로 닦아낸다.,솔로 털어낸 뒤 물로 세척한다.,물에 적신 수건으로 덮어 놓는다.,3,207,Human,300,167,0,80.67632850241546,512.1062315163746,2.0915686559890365,0,0,0,N/A,0.0,3,True,3,N/A - Human Test,
208,소방안전교육사,2024,A,재난관리론,68,재난 및 안전관리 기본법령상 국가적 차원에서 관리가 필요한 재난에 대하여 재난관리 체계와 관계 기관의 임무와 역할을 규정한 문서로 옳은 것은?,text_only,O,위기대응 실무매뉴얼,현장조치 행동매뉴얼,위기관리 표준매뉴얼,위기관리 실무매뉴얼,3,208,Human,300,168,0,80.76923076923077,513.664655220837,1.5584237044624194,0,0,0,N/A,0.0,3,True,3,N/A - Human Test,
209,소방안전교육사,2016,A,구급 및 응급처치론,35,심인성 심정지를 유발하는 원인에 해당하지 않는 것은?,text_only,,뇌졸중,심근염,대동맥판 협착증,관상동맥 죽상경화증,1,209,Human,300,169,0,80.86124401913875,516.3303799784701,2.706735907750518,0,0,0,N/A,0.0,1,True,1,N/A - Human Test,
210,소방안전교육사,2020,B,소방학개론,9,가연물의 연소 시 산소공급원 역할을 할 수 있는 물질이 아닌 것은?,text_only,,탄화칼슘,염소산칼륨,과산화나트륨,질산나트륨,1,210,Human,300,170,0,80.95238095238095,518.421948634459,2.0505575058716046,0,0,0,N/A,0.0,1,True,1,N/A - Human Test,
211,소방안전교육사,2016,A,소방학개론,8,"다음에서 설명하는 내화구조 건축물화재의 진행단계로 옳은 것은?\n\n화재가 진행됨에 따라 화재의 강도가 점점 강해진다. 화재가 진행되면서 대류, 전도, 복사, 불꽃의 접촉 등에 의해 열이 축적되고, 축적된 열 때문에 연소의 속도는 기하급수적으로 증가하게 되는 단계이다.",text_only,,화재 초기,화재 성장기,화재 최성기,화재 감쇄기,2,211,Human,300,171,0,81.04265402843602,520.3494726899784,1.9275240555193083,0,0,0,N/A,0.0,2,True,2,N/A - Human Test,
212,소방안전교육사,2020,B,교육학개론,82,"사회구성원들로 하여금 사회의 핵심적 가치, 규범, 태도를 습득하게 하여 사회의 안녕과 질서를 유지하게 하는 교육의 사회적 기능은?",text_only,,문화 유산 전달 기능,사회 통제 및 통합 기능,사회 개혁 기능,사회 충원 기능,2,212,Human,300,171,0,80.66037735849056,522.3590190457326,2.0505575058716046,0,0,0,N/A,0.0,4,False,4,N/A - Human Test,
213,소방안전교육사,2024,A,구급 및 응급처치론,43,자동제세동기의 사용방법으로 옳지 않은 것은?,text_only,,"성인 환자의 경우 패드를 붙일 때 우측 빗장뼈 아래에 한 개를 붙이고, 다른 한 개의 패드는 좌측 유두 아래의 중간겨드랑선에 붙인다.",매 2분마다 자동제세동기가 심장 리듬을 분석하게 되며 자동제세동기의 안내에 따른다.,자동제세동기에 소아용 변환 시스템이 갖추어져 있지 않은 경우에는 성인용 패드를 사용한다.,성인 환자의 몸에 제세동기 패드를 붙여야 할 곳에 니트로글리세린 약물 패치가 붙어있다면 패치를 덮어 붙인다.,4,213,Human,300,172,0,80.75117370892019,523.9584539003124,1.5994348545798516,0,0,0,N/A,0.0,4,True,4,N/A - Human Test,
214,소방안전교육사,2019,B,교육학개론,84,교수 및 학습이 진행되고 있는 상태에서 학생들의 학습을 모니터링하여 학생의 진보 상황을 교사와 학생에게 피드백 해주기 위해 실시하는 평가는?,text_only,,진단평가,형성평가,총합평가,임의평가,2,214,Human,300,173,0,80.8411214953271,525.4758664546574,1.5174125543449875,0,0,0,N/A,0.0,2,True,2,N/A - Human Test,
215,소방안전교육사,2020,B,구급 및 응급처치론,35,지혈되지 않는 대퇴부 출혈로 생명이 위험할 때 연부 조직의 손상 가능성에도 불구하고 사용하는 지혈 처치법은?,text_only,,거상,지혈대 적용,직접 압박,동맥 압박,2,215,Human,300,174,0,80.93023255813954,527.4444016602941,1.9685352056367402,0,0,0,N/A,0.0,2,True,2,N/A - Human Test,
216,소방안전교육사,2022,A,소방학개론,20,"화재 발생으로 인하여 10 m$^2$의 벽면의 온도가 100 ℃까지 상승하였다. 이 벽면으로부터 전달되는 복사 열전달량은 약 몇 kW인가? (단, 벽면의 방사율($\epsilon$)은 0.8이고, Stefan-Boltzmann 상수($\sigma$)는 5.67$\times$10$^{-11}$ kW/m$^2 \cdot$K$^4$ 이며, 기타 조건은 무시한다.)",text_only,,4.54,8.78,45.4,87.8,2,216,Human,300,175,0,81.01851851851852,529.3309145656959,1.8865129054018763,0,0,0,N/A,0.0,2,True,2,N/A - Human Test,
217,소방안전교육사,2018,A,소방학개론,15,"표준상태(0°C, 1 기압)에서 탄화수소 화합물의 완전연소반응식으로 옳은 것은?",text_only,,CH$_4$ + 2O$_2$ → CO$_2$ + 2H$_2$O,C$_2$H$_6$ + 5O$_2$ → 2CO$_2$ + 5H$_2$O,C$_3$H$_8$ + 6O$_2$ → 3CO$_2$ + 4H$_2$O,C$_4$H$_{10}$ + 7O$_2$ → 4CO$_2$ + 5H$_2$O,1,217,Human,300,176,0,81.10599078341014,531.5865278221548,2.2146021063413333,0,0,0,N/A,0.0,1,True,1,N/A - Human Test,
218,소방안전교육사,2022,A,구급 및 응급처치론,35,심부전으로 인한 심장의 기능이 저하되어 발생되는 쇼크는?,text_only,,신경성 쇼크,심장성 쇼크,아나필락시스 쇼크,출혈성 쇼크,2,218,Human,300,177,0,81.19266055045871,533.6780964781437,2.0915686559890365,0,0,0,N/A,0.0,2,True,2,N/A - Human Test,
219,소방안전교육사,2016,A,재난관리론,61,재난 및 안전관리 기본법령상 재난관리책임기관의 장이 취해야 할 재난예방조치에 해당되지 않는 것은?,text_only,O,특별재난지역 선포,재난에 대응할 조직의 구성 및 정비,재난의 예측과 정보전달체계의 구축,재난 발생에 대비한 교육·훈련과 재난관리예방에 관한 홍보,1,219,Human,300,178,0,81.27853881278538,535.1134867322539,1.435390254110123,0,0,0,N/A,0.0,1,True,1,N/A - Human Test,
220,소방안전교육사,2016,A,구급 및 응급처치론,41,"자발호흡이 있는 성인 응급환자에게 분당 40 L의 속도로 100% 산소를 공급하고자 할 때, 사용되는 호흡보조 장비는?",text_only,,포켓 마스크,백-밸브 마스크,비재호흡 마스크,수요밸브 소생기,4,220,Human,300,178,0,80.9090909090909,537.0820219378907,1.9685352056367402,0,0,0,N/A,0.0,2,False,2,N/A - Human Test,
221,소방안전교육사,2024,A,소방학개론,18,고층건축물과 초고층건축물의 정의에 관한 내용이다. ( )에 들어갈 숫자로 옳은 것은?\n\n고층건축물이란 층수가 ( ㄱ )층 이상이거나 높이가 ( ㄴ )미터 이상인 건축물을 말한다. 초고층건축물이란 층수가 ( ㄷ )층 이상이거나 높이가 ( ㄹ )미터 이상인 건축물을 말한다.,text_only,,"ㄱ: 15, ㄴ: 50, ㄷ: 20, ㄹ: 100","ㄱ: 15, ㄴ: 60, ㄷ: 30, ㄹ: 120","ㄱ: 30, ㄴ: 100, ㄷ: 50, ㄹ: 120","ㄱ: 30, ㄴ: 120, ㄷ: 50, ㄹ: 200",4,221,Human,300,179,0,80.99547511312217,539.4606686447017,2.378646706811061,0,0,0,N/A,0.0,4,True,4,N/A - Human Test,
222,소방안전교육사,2016,A,구급 및 응급처치론,46,50세 성인이 다음과 같은 부위에 3도 화상을 입었을 때 '9의 법칙'에 의한 화상 범위(%)로 옳은 것은?\n\n◯ 흉부 앞면\n◯ 왼쪽 하지 앞면\n◯ 외부생식기,text_only,,19,28,37,46,1,222,Human,300,180,0,81.08108108108108,541.101114649399,1.6404460046972837,0,0,0,N/A,0.0,1,True,1,N/A - Human Test,
223,소방안전교육사,2019,B,교육학개론,95,'학교교육은 사회의 요구에 적합한 인력을 선발하고 교육하여 사회에 배치하는 기능을 가진다.'와 관계있는 교육의 사회적 기능은?,text_only,,문화전승 기능,사회통합 기능,사회충원 기능,사회혁신 기능,3,223,Human,300,180,0,80.71748878923766,544.6690847096156,3.567970060216592,0,0,0,N/A,0.0,1,False,1,N/A - Human Test,
224,소방안전교육사,2019,B,재난관리론,56,재난관리단계 중 대응단계에 해당하는 내용은?,text_only,,각종 재난관련 기준의 검토 및 정비,위험지도 작성,긴급수송 및 구조 수단의 확보,재난보험제도 마련,3,224,Human,300,181,0,80.80357142857143,546.8016645157221,2.0915686559890365,0,0,0,N/A,0.0,3,True,3,N/A - Human Test,
225,소방안전교육사,2016,A,구급 및 응급처치론,47,다음 화상 환자에게 파크랜드(Parkland)법에 의해 첫 8시간 동안 투여해야할 수액량으로 옳은 것은?\n\n◯ 체중 60 kg\n◯ 1도 화상 10%\n◯ 2도 화상 20%\n◯ 3도 화상 10%,text_only,,"3,600 mL","4,800 mL","7,200 mL","9,600 mL",1,225,Human,300,181,0,80.44444444444444,549.5084004234726,2.706735907750518,0,0,0,N/A,0.0,2,False,2,N/A - Human Test,
226,소방안전교육사,2016,A,재난관리론,51,"다음 설명과 관련 있는 재난의 특성은?\n\n재난은 언제 어디서 발생할지 정확하게 예측할 수 없고, 재난 발생 후 위험 자체가 기존의 기술적·사회적 장치와 맞물려 어떻게 전개될지 알 수 없으며 재난의 대응·복구 단계의 진행방향을 정확하게 예측할 수 없다.",text_only,,누적성,복잡성,인지성,불확실성,4,226,Human,300,182,0,80.53097345132744,551.1078352780524,1.5994348545798516,0,0,0,N/A,0.0,4,True,4,N/A - Human Test,
227,소방안전교육사,2020,B,교육학개론,78,교육의 3요소를 모두 고른 것은?\n\nㄱ. 교사\nㄹ. 교육내용\nㄴ. 학생\nㅁ. 교육방법\nㄷ. 학부모\nㅂ. 교육매체,text_only,,"ㄱ, ㄴ, ㄷ","ㄱ, ㄴ, ㄹ","ㄷ, ㅁ, ㅂ","ㄹ, ㅁ, ㅂ",2,227,Human,300,182,0,80.1762114537445,553.5685042850984,2.4606690070459254,0,0,0,N/A,0.0,4,False,4,N/A - Human Test,
228,소방안전교육사,2016,A,소방학개론,1,이상가열이나 타 물건과의 접촉 또는 혼합에 의하지 않고 스스로 발열반응을 일으켜 발화하는 현상을 자연발화라 한다. 자연발화가 일어날 수 있는 조건으로 옳지 않은 것을 모두 고른 것은?\n\nㄱ. 가연물의 열전도율이 클 것\nㄴ. 가연물의 발열량이 작을 것\nㄷ. 가연물의 주위 온도가 높을 것\nㄹ. 가연물의 표면적이 넓을 것,text_only,,"ㄱ, ㄴ","ㄴ, ㄷ","ㄷ, ㄹ","ㄱ, ㄹ",1,228,Human,300,183,0,80.26315789473685,555.6600729410875,2.0915686559890365,0,0,0,N/A,0.0,1,True,1,N/A - Human Test,
229,소방안전교육사,2024,A,소방학개론,4,건축물 용도에 따른 화재하중의 크기 순서를 올게 나열한 것은?\n\nㄱ. 점포(백화점) ㄴ. 주택 ㄷ. 도서관,text_only,,ㄱ > ㄴ > ㄷ,ㄴ > ㄷ > ㄱ,ㄷ > ㄱ > ㄴ,ㄷ > ㄴ > ㄱ,3,229,Human,300,184,0,80.34934497816593,557.5465858464893,1.8865129054018763,0,0,0,N/A,0.0,3,True,3,N/A - Human Test,
230,소방안전교육사,2024,A,재난관리론,69,재난 및 안전관리 기본법령상 국가와 지방자치단체가 재난으로 피해를 입은 시설의 복구와 피해주민의 생계안정을 위하여 지원할 수 있는 사항으로 명시되지 않는 것은?,text_only,O,주거용 건축물의 복구비 지원,공공시설 피해에 대한 복구사업비 지원,대학생의 학자금 지원,사망자 · 실종자 · 부상자 등 피해주민에 대한 구호,3,230,Human,300,185,0,80.43478260869566,560.7864667057664,3.2398808592771355,0,0,0,N/A,0.0,3,True,3,N/A - Human Test,
231,소방안전교육사,2014,A,구급 및 응급처치론,39,액화괴사(liquefaction necrosis)를 일으켜 심부손상을 유발하는 화상은?,text_only,,전기 화상,염기 화상,감마선 화상,시안화물 화상,2,231,Human,300,186,0,80.51948051948052,562.3038792601114,1.5174125543449875,0,0,0,N/A,0.0,2,True,2,N/A - Human Test,
232,소방안전교육사,2019,B,소방학개론,5,가연성 물질의 구비 조건으로 옳지 않은 것은?,text_only,,산소나 염소 등과 친화력이 클 것,산화되기 쉽고 반응열이 클 것,표면적이 적을 것,연쇄반응을 수반할 것,3,232,Human,300,187,0,80.60344827586206,565.1746597683317,2.870780508220246,0,0,0,N/A,0.0,3,True,3,N/A - Human Test,
233,소방안전교육사,2020,B,교육학개론,87,교육적 평등관 중 교육적 능력주의로부터 비판을 받는 것은?,text_only,,교육 기회의 허용적 평등,교육 기회의 보장적 평등,교육 결과의 평등,교육 조건의 평등,3,233,Human,300,188,0,80.68669527896995,569.0297078793702,3.8550481110386166,0,0,0,N/A,0.0,3,True,3,N/A - Human Test,
234,소방안전교육사,2020,B,재난관리론,51,존스(David K. C. Jones)의 재난분류에 관한 설명으로 옳지 않은 것은?,text_only,,"준자연재난에는 온난화현상, 눈사태, 홍수, 전쟁이 포함된다.","인적재난에는 광화학연무, 폭동, 교통사고가 포함된다.","지질학적 재난에는 지진, 화산, 쓰나미가 포함된다.","지구물리학적 재난은 지형학적 재난, 기상학적 재난, 지질학적 재난으로 구분된다.",1,234,Human,300,189,0,80.76923076923077,571.8594772374731,2.8297693581028143,0,0,0,N/A,0.0,1,True,1,N/A - Human Test,
235,소방안전교육사,2022,A,구급 및 응급처치론,39,성인용 백밸브 마스크 사용에 관한 설명으로 옳지 않은 것은?,text_only,,호흡은 있으나 충분한 환기량이 유지되지 않는 환자의 호흡보조 시에는 들숨에 맞추어 백을 짜준다.,"1회 환기량은 800 ~ 1,000 mL가 되도록 백을 짜준다.",기도유지 후 마스크를 확실히 밀착시키고 백을 짜준다.,고농도의 산소를 투여하기 위해 초기에 산소를 들여 산소 저장낭에 산소가 채워지도록 한 후 사용한다.,2,235,Human,300,190,0,80.85106382978722,575.1403692468676,3.2808920093945675,0,0,0,N/A,0.0,2,True,2,N/A - Human Test,
236,소방안전교육사,2019,B,교육학개론,81,교육내용 조직의 원리가 아닌 것은?,text_only,,계속성,통합성,계열성,실천가능성,4,236,Human,300,191,0,80.9322033898305,577.2319379028567,2.0915686559890365,0,0,0,N/A,0.0,4,True,4,N/A - Human Test,
237,소방안전교육사,2020,B,구급 및 응급처치론,43,탈진드기에 물려서 감염되는 질환은?,text_only,,말라리아,렙토스피라증,쯔쯔가무시병,신증후군출혈열,3,237,Human,300,192,0,81.0126582278481,579.9386738106072,2.706735907750518,0,0,0,N/A,0.0,3,True,3,N/A - Human Test,
238,소방안전교육사,2020,B,소방학개론,17,"화재 시 이산화탄소를 방출하여 산소농도를 13 vol%로 낮추려면 공기 중의 이산화탄소 농도(vol%)는 약 얼마이어야 하는가? (단, 공기 중의 산소 농도는 21 vol% 이며, 화재실은 밀폐상태이다.)",text_only,,25.4,32.6,38.1,43.8,3,238,Human,300,193,0,81.09243697478992,583.4656327207064,3.5269589100991596,0,0,0,N/A,0.0,3,True,3,N/A - Human Test,
239,소방안전교육사,2018,A,소방학개론,14,"전하원의 종류 중 도체로부터의 방전에너지(E)를 구하는 공식으로 옳지 않은 것은? (단, C는 정전용량, V는 전압, Q는 전하량이다.)",text_only,,E = $\\frac{1}{2}$CV$^2$,E = $\\frac{1}{2}$QV,E = $\\frac{1}{2}$ $\\frac{Q^2}{C}$,E = $\\frac{1}{2}$ $\\frac{C^2}{V}$,4,239,Human,300,194,0,81.17154811715481,585.2291121757559,1.7224683049321479,0,0,0,N/A,0.0,4,True,4,N/A - Human Test,
240,소방안전교육사,2022,A,구급 및 응급처치론,45,체중이 20 kg인 5세 심정지 환아에게 자동제세동기를 적용하는 방법으로 옳지 않은 것은?,text_only,,첫 번째 제세동 에너지 용량은 200 J이다.,심전도 분석 중에는 환자에게 접촉하면 안된다.,"소아용 패드가 없을 경우, 성인용 제세동 패드를 적용한다.","제세동 패드 부착 위치에 물기가 있는 경우, 물기를 제거한 후 부착한다.",1,240,Human,300,195,0,81.25,586.9925916308055,1.7634794550495798,0,0,0,N/A,0.0,1,True,1,N/A - Human Test,
241,소방안전교육사,2024,A,교육학개론,81,교육의 형태 및 유형에 관한 설명으로 옳지 않은 것은?,text_only,,"교육대상의 발달단계에 따라 가정교육, 학교교육, 사회교육으로 분류한다.","학교의 단계에 따라 유치원교육, 초등교육, 중등교육, 고등교육으로 분류한다.","교육의 의도성, 목적의식의 유무에 따라 형식적 교육과 비형식적 교육으로 구분한다.","교육의 목적이나 성격에 따라 교양교육, 직업교육 또는 전문교육으로 구분한다.",1,241,Human,300,195,0,80.91286307053942,588.7560710858551,1.7634794550495798,0,0,0,N/A,0.0,3,False,3,N/A - Human Test,
242,소방안전교육사,2018,A,소방학개론,1,다음에서 설명하는 소방조직의 원리로 옳은 것은?\n\n각 부분이 공동목표를 달성하기 위해 행동을 통일하고 공동체의 노력으로 질서정연하게 배열하는 것,text_only,,조정의 원리,명령통일의 원리,통솔범위의 원리,계층제의 원리,1,242,Human,300,196,0,80.99173553719008,590.8476397418441,2.132579806106469,0,0,0,N/A,0.0,1,True,1,N/A - Human Test,
243,소방안전교육사,2022,A,구급 및 응급처치론,30,인체의 열손실 기전 중 복사(방사)에 관한 설명으로 옳지 않은 것은?,text_only,,접촉되지 않는 물체 사이에 전자파 방사선에 의한 열확산과 전파라는 물리적 방법으로 열이 이동한다.,"신체 내부 조직에서 피부표면으로 열손실이 발생하는 기전이며, 그 예로는 미온수 스펀지 목욕, 찬물 목욕법이 있다.","옷을 입지 않은 경우와 같이 피부의 노출, 피부 온도, 피부나 옷의 반사력과 환경의 특성에 영향을 받는다.",중간 공기나 진공과는 관계없이 공간을 통과하며 열전달이 직접적이고 순간적이다.,2,243,Human,300,197,0,81.06995884773663,593.9234760006515,3.034825108689975,0,0,0,N/A,0.0,2,True,2,N/A - Human Test,
244,소방안전교육사,2024,A,재난관리론,64,재난관리의 단계에서 복구단계에 해당하는 것은?,text_only,,재난이 실제로 발생하기 전에 재난 촉발 요인을 제거하거나 재난요인이 표출되지 않도록 억제하는 단계,재난이 발생한 경우 재난관리 기관들의 각종 업무 및 기능을 실제 적용하는 단계,피해지역이 재난 발생 직후부터 재난 발생 이전 상태로 회복될 때까지 지원을 제공하는 단계,재난 발생 시의 대응활동을 사전에 준비하기 위한 대응능력을 개발하는 단계,3,244,Human,300,198,0,81.14754098360656,596.5892007582846,2.665724757633086,0,0,0,N/A,0.0,3,True,3,N/A - Human Test,
245,소방안전교육사,2016,A,구급 및 응급처치론,37,심정지 환자에서 관찰되는 심전도에 관한 설명으로 옳은 것은?,text_only,,"심실세동, 무맥성 전기활동은 전기충격이 필요한 리듬이다.",빈맥성 부정맥은 심근의 허혈이 주요 원인으로 알려져 있다.,무수축에 의한 심정지는 빈맥성 부정맥에 의해서만 발생한다.,무맥성 전기활동은 심박출은 있지만 심전도상에서 전기적 활동이 관찰되지 않는 것이다.,2,245,Human,300,198,0,80.81632653061224,598.5577359639213,1.9685352056367402,0,0,0,N/A,0.0,4,False,4,N/A - Human Test,
246,소방안전교육사,2020,B,교육학개론,94,문제중심학습(Problem-Based Learning)에 관한 설명으로 옳은 것은?,text_only,,학습과정에 대한 교수자의 적극적 참여가 필요하다.,"개념이나 원리 학습 후, 이를 확인하기 위한 목적으로 수행한다.",교수자가 제시하는 문제는 비구조적이어야 한다.,학습자가 문제를 직접 만들어 해결하는 것이 바람직하다.,3,246,Human,300,199,0,80.89430894308943,602.2897506246078,3.7320146606863203,0,0,0,N/A,0.0,3,True,3,N/A - Human Test,
247,소방안전교육사,2016,A,재난관리론,52,재난예방단계의 활동에 해당되지 않는 것은?,text_only,,위험지도 작성,재난예방홍보,재해보험 가입,재난피해자 심리지원,4,247,Human,300,200,0,80.97165991902834,604.5863750311838,2.255613256458765,0,0,0,N/A,0.0,4,True,4,N/A - Human Test,
248,소방안전교육사,2018,A,소방학개론,17,"다음 내용이 설명하는 것으로 옳은 것은?\n\n화재가 발생하여 가연성 물질에서 발생된 가연성 증기가 천장 부근에 축적되고, 이 축적된 가연성 증기가 인화점에 도달하여 전체가 연소하기 시작하면 불덩어리가 천장을 따라 굴러다니는 것처럼 뿜어져 나오는 현상",text_only,,롤오버(roll over),후로스오버(froth over),슬롭오버(slop over),보일오버(boil over),1,248,Human,300,201,0,81.04838709677419,606.6369325370555,2.0915686559890365,0,0,0,N/A,0.0,1,True,1,N/A - Human Test,
249,소방안전교육사,2014,A,소방학개론,18,물 소화약제에 관한 설명으로 옳지 않은 것은?,text_only,,물의 증발잠열은 약 539 cal/g 이다.,"기화 시 부피가 약 1,600배~1,700배 정도 증가하므로 질식효과도 기대할 수 있다.",물분자내 수소원소와 산소원소 간에는 공유결합을 이루고 있다.,물의 비열은 0.7 cal/g·°C 이므로 냉각효과가 우수한 소화약제이다.,4,249,Human,300,202,0,81.12449799196787,608.4414231422226,1.7634794550495798,0,0,0,N/A,0.0,4,True,4,N/A - Human Test,
250,소방안전교육사,2019,B,구급 및 응급처치론,43,"울혈심장기능상실증(울혈성 심부전증, congestive heart failure) 병력이 있으며 폐부종 증상 및 징후를 보이고 있는 환자(40세 남성, 혈압 130/70 mmHg, 맥박 98 회/분, 호흡 24 회/분, 체온 36.8 ℃)를 이송 시 취해 주어야 할 자세는?",text_only,,등을 바닥면으로 하고 바로 누운 자세,바로 앉아 두 다리를 떨어뜨리는 자세,엎드린 자세에서 머리를 옆으로 돌린 자세,바로 누운 상태에서 다리를 45 도 높이고 머리를 낮춘 자세,2,250,Human,300,203,0,81.2,610.4099583478593,1.9685352056367402,0,0,0,N/A,0.0,2,True,2,N/A - Human Test,
251,소방안전교육사,2022,A,재난관리론,56,현대사회의 재난환경을 위험사회로 규정하고 근대화와 산업화 과정에서 가져온 과학기술이 인간에게 물질적 풍요를 주었지만 새로운 형태의 위험을 가져왔다고 주장한 자는?,text_only,,울리히 벡(Ulrich Beck),다인스(Dynes),휴트(Hewit),돔브로스키(Dombrowsky),1,251,Human,300,204,0,81.27490039840637,612.378493553496,2.0095463557541726,0,0,0,N/A,0.0,1,True,1,N/A - Human Test,
252,소방안전교육사,2024,A,구급 및 응급처치론,33,환자의 의식 수준 평가방법으로 언어에는 반응이 없지만 신체에 통증 자극을 주면 움직이거나 고함을 지는 의식단계는?,text_only,,A(Alert),V(Verbal),P(Painful),U(Unresponse),3,252,Human,300,205,0,81.34920634920636,614.5110733596025,2.0915686559890365,0,0,0,N/A,0.0,3,True,3,N/A - Human Test,
253,소방안전교육사,2024,A,구급 및 응급처치론,32,동상 환자에 대한 응급처치로 옳지 않은 것은?,text_only,,추운 환경으로부터 따뜻한 장소로 옮긴다.,동상으로 손상된 발로 걷지 않도록 한다.,건조한 멸균거즈로 동상 부위를 덮어주고 붕대를 세게 감는다.,손상된 동상 부위를 문지르지 않는다.,3,253,Human,300,206,0,81.42292490118577,616.4796085652391,1.9685352056367402,0,0,0,N/A,0.0,3,True,3,N/A - Human Test,
254,소방안전교육사,2022,A,소방학개론,8,"소방기본법령상 ( )에 들어갈 내용으로 옳은 것은?\n\n제1조의3(소방업무에 관한 종합계획 및 세부계획의 수립 · 시행)\n① 소방청장은 법 제6조제1항에 따른 소방업무에 관한 종합계획을 관계 중앙행정기관의 장과의 협의를 거쳐 계획 시행 전년도 ( )까지 수립해야 한다.\n② 법 제6조제2항제7호에서 '대통령령으로 정하는 사항'이란 다음 각 호의 사항을 말한다.\n1. 재난 · 재해 환경 변화에 따른 소방업무에 필요한 대응 체계 마련\n2. 장애인, 노인, 임산부, 영유아 및 어린이 등 이동이 어려운 사람을 대상으로 한 소방활동에 필요한 조치",text_only,O,9월 30일,10월 31일,11월 30일,12월 31일,2,254,Human,300,206,0,81.10236220472441,618.735221821698,2.255613256458765,0,0,0,N/A,0.0,4,False,4,N/A - Human Test,
255,소방안전교육사,2018,A,구급 및 응급처치론,32,급성통증이 있을 때 나타날 수 있는 부교감신경 반응으로 옳은 것은?,text_only,,발한,구토,혈압 상승,동공 확대,2,255,Human,300,207,0,81.17647058823529,620.3346566762777,1.5994348545798516,0,0,0,N/A,0.0,2,True,2,N/A - Human Test,
256,소방안전교육사,2018,A,재난관리론,63,"재난 및 안전관리 기본법령상 안전점검의 날과 방재의 날에 대한 설명이다. ( )에 들어갈 내용으로 옳은 것은?\n\n재난관리책임기관은 재난취약시설에 대한 일제점검, 안전의식 고취를 위하여 안전 관련 행사를 매월 ( ㄱ )에 실시하고, 자연재난에 대한 주민의 방재의식을 고취하기 위하여 재난에 대한 교육·홍보 등의 관련 행사를 매년 ( ㄴ )에 실시한다.",text_only,O,"ㄱ: 4일, ㄴ: 4월 16일","ㄱ: 4일, ㄴ: 5월 25일","ㄱ: 16일, ㄴ: 6월 25일","ㄱ: 16일, ㄴ: 7월 25일",2,256,Human,300,208,0,81.25,622.5082476325017,2.173590956223901,0,0,0,N/A,0.0,2,True,2,N/A - Human Test,
257,소방안전교육사,2020,B,소방학개론,10,소방기본법령상 소방신호가 아닌 것은?,text_only,O,경계신호,출동신호,해제신호,훈련신호,2,257,Human,300,208,0,80.93385214007782,624.4767828381385,1.9685352056367402,0,0,0,N/A,0.0,3,False,3,N/A - Human Test,
258,소방안전교육사,2019,B,재난관리론,51,재난 및 안전관리 기본법상 용어의 정의에 관한 설명으로 옳지 않은 것은?,text_only,O,'해외재난'이란 대한민국의 영역 밖에서 대한민국 국민의 생명 · 신체 및 재산에 피해를 주거나 줄 수 있는 재난으로서 정부차원에서 대처할 필요가 있는 재난을 말한다.,'재난관리'란 재난이나 그 밖의 각종 사고로부터 사람의 생명 · 신체 및 재산의 안전을 확보하기 위하여 하는 모든 활동을 말한다.,'재난관리주관기관'이란 재난이나 그 밖의 각종 사고에 대하여 그 유형별로 예방 · 대비 · 대응 및 복구 등의 업무를 주관하여 수행하도록 대통령령으로 정하는 관계 중앙행정기관을 말한다.,"'재난관리정보'란 재난관리를 위하여 필요한 재난상황정보, 동원가능 자원정보, 시설물정보, 지리정보를 말한다.",2,258,Human,300,209,0,81.0077519379845,626.4863291938926,2.0095463557541726,0,0,0,N/A,0.0,2,True,2,N/A - Human Test,
259,소방안전교육사,2020,B,구급 및 응급처치론,44,감염관리에서 멸균에 관한 설명으로 옳은 것은?,text_only,,모든 병원성 미생물을 제거한다.,아포를 포함한 미생물을 완전히 제거한다.,유해한 미생물의 성장 · 번식을 억제한다.,토양과 유기물을 제거한다.,2,259,Human,300,210,0,81.08108108108108,629.0700316512908,2.5837024573982217,0,0,0,N/A,0.0,2,True,2,N/A - Human Test,
260,소방안전교육사,2022,A,구급 및 응급처치론,33,"구조작업은 보통 복잡한 절차와 고도의 특수 장비를 필요로 하는데, 일반적인 구조작업의 단계별 순서로 옳은 것은?",text_only,,현장평가 → 위험통제 → 환자접근 → 환자처치 → 장애물제거 → 환자고정 → 구출 및 이송,현장평가 → 장애물제거 → 환자접근 → 위험통제 → 환자처치 → 환자고정 → 구출 및 이송,위험통제 → 환자접근 → 현장평가 → 장애물제거 → 환자처치 → 환자고정 → 구출 및 이송,위험통제 → 환자접근 → 현장평가 → 환자고정 → 장애물제거 → 환자처치 → 구출 및 이송,1,260,Human,300,211,0,81.15384615384616,630.9975557068102,1.9275240555193083,0,0,0,N/A,0.0,1,True,1,N/A - Human Test,
261,소방안전교육사,2018,A,소방학개론,24,분말소화약제의 종류에 따른 착색 및 적응화재에 관한 설명으로 옳지 않은 것은?,text_only,,"KHCO$_3$ - 담회색 - B급, C급화재","NaHCO$_3$ - 백색 - B급, C급화재","NaHCO$_3$+(NH$_2$)$_2$CO - 황색 - B급, C급화재","NH$_4$H$_2$PO$_4$ - 담홍색 - A급, B급, C급화재",3,261,Human,300,212,0,81.22605363984674,633.1301355129166,2.0915686559890365,0,0,0,N/A,0.0,3,True,3,N/A - Human Test,
262,소방안전교육사,2019,B,교육학개론,86,정신분석이론에서 남근기 아동이 부모의 위협을 상상하여 자신의 금플렉스를 극복하고 초자아 형성을 유도하는 방어기제는?,text_only,,퇴행,동일시,투사,억압,2,262,Human,300,212,0,80.91603053435115,634.8115926677314,1.7224683049321479,0,0,0,N/A,0.0,1,False,1,N/A - Human Test,
263,소방안전교육사,2024,A,소방학개론,1,화재조사 및 보고규정상 화재로 인한 건물의 소실정도에 관한 설명으로 옳지 않은 것은?,text_only,,전소는 건물의 70% 이상이 소실된 것,반소는 건물의 30% 이상 70% 미만이 소실된 것,부분소는 전소 및 반소에 해당하지 않는 것,즉소는 즉시 소화된 화재로 화재건수에 포함되지 않는 것,4,263,Human,300,213,0,80.98859315589354,636.9441724738379,2.0915686559890365,0,0,0,N/A,0.0,4,True,4,N/A - Human Test,
264,소방안전교육사,2020,B,소방학개론,22,화재 시 분무주수에 의한 소화가 가능한 위험물은?,text_only,,탄화칼슘,나트륨,마그네슘,유황,4,264,Human,300,214,0,81.06060606060606,638.9947299797094,2.0505575058716046,0,0,0,N/A,0.0,4,True,4,N/A - Human Test,
265,소방안전교육사,2019,B,재난관리론,66,재난 및 안전관리 기본법령상 긴급구조지휘대의 구분 유형에 해당되지 않는 것은?,text_only,O,특수구조지휘대,방면현장지휘대,권역현장지휘대,소방서현장지휘대,1,265,Human,300,215,0,81.13207547169812,641.2913543862857,2.296624406576197,0,0,0,N/A,0.0,1,True,1,N/A - Human Test,
266,소방안전교육사,2018,A,교육학개론,87,브루너(J. Bruner)의 교육과정 이론에서 제시하는 개념이 아닌 것은?,text_only,,발견학습,지식의 구조,나선형 교육과정,선행조직자,4,266,Human,300,216,0,81.203007518797,643.9160679938012,2.624713607515654,0,0,0,N/A,0.0,4,True,4,N/A - Human Test,
267,소방안전교육사,2022,A,재난관리론,51,재난관리의 단계와 그 내용의 연결이 옳지 않은 것은?,text_only,,예방단계 - 이재민 수용시설 지정 · 관리,대비단계 - 재난대응계획 수립,대응단계 - 인명구조 · 구난활동 전개,복구단계 - 이재민 지원 및 임시주거지 마련,1,267,Human,300,216,0,80.89887640449437,645.7205585989682,1.7634794550495798,0,0,0,N/A,0.0,2,False,2,N/A - Human Test,
268,소방안전교육사,2024,A,교육학개론,94,가네(R. Gagné)의 9가지 수업사태(events of instruction)에 관한 설명으로 옳은 것은?,text_only,,수업사태는 정보처리과정을 촉진하는 학습의 내적 조건을 말한다.,주의집중은 학습에 대한 기대감을 유발하도록 학습목표를 제시하는 단계이다.,자극자료 제시는 학습자를 자극하는 자료 제시 후 피드백을 제공하는 단계이다.,파지와 전이는 체계적인 복습과 다양한 과제를 제시하는 단계이다.,4,268,Human,300,217,0,80.97014925373134,647.4840380540178,1.7634794550495798,0,0,0,N/A,0.0,4,True,4,N/A - Human Test,
269,소방안전교육사,2024,A,교육학개론,87,마샤(J. Marcia)의 정체성 지위이론에 관한 설명으로 옳지 않은 것은?,text_only,,"정체성 혼미: 자아존중감이 낮고 혼돈상태이며, 방치하면 부정적 정체감으로 갈 위험이 있다.","정체성 상실(폐쇄): 부모가 선택해 준 인생이나 역할모델의 가치, 기대, 결정을 그대로 수용한 상태이다.",정체성 유예: 매우 안정적으로 보내는 것 같으나 상인기에 들어서서 뒤늦게 정체성 위기를 경험한다.,정체성 성취: 자아정체감을 확립한 상태로 자아존중감이 높다.,3,269,Human,300,218,0,81.04089219330855,649.6576290102417,2.173590956223901,0,0,0,N/A,0.0,3,True,3,N/A - Human Test,
270,소방안전교육사,2024,A,교육학개론,78,다음 설명에 해당하는 교육사상가는?\n\nO 인간은 본래 선하였으나 사회의 편견과 제도에 의해 타락되었다.\nO 아동을 어른의 축소판이 아닌 그 자체로서 존중할 것을 강조하였다.\nO 교사중심의 교육관을 비판하고 아동중심의 교육을 강조하였다.\nO 그의 인간관에 바탕을 둔 교육방법은 소극적 교육이다.,text_only,,루소(J. Rousseau),듀이(J. Dewey),에라스무스(D. Erasmus),로크(J. Locke),1,270,Human,300,219,0,81.11111111111111,651.5441419156436,1.8865129054018763,0,0,0,N/A,0.0,1,True,1,N/A - Human Test,
271,소방안전교육사,2020,B,재난관리론,53,국내의 대형 재난들을 발생한 순서대로 바르게 나열한 것은?,text_only,,성수대교 붕괴 → 삼풍백화점 붕괴 → 태풍 루사 → 대구 지하철 화재 → 세월호 침몰,성수대교 붕괴 → 삼풍백화점 붕괴 → 태풍 루사 → 세월호 침몰 → 대구 지하철 화재,삼풍백화점 붕괴 → 성수대교 붕괴 → 태풍 루사 → 대구 지하철 화재 → 세월호 침몰,성수대교 붕괴 → 태풍 루사 → 삼풍백화점 붕괴 → 대구 지하철 화재 → 세월호 침몰,1,271,Human,300,220,0,81.18081180811808,653.758744021985,2.2146021063413333,0,0,0,N/A,0.0,1,True,1,N/A - Human Test,
272,소방안전교육사,2018,A,구급 및 응급처치론,35,"호흡곤란을 호소하는 환자에게 분당 10 L의 유량으로 산소를 투여하려고 한다. 휴대형 산소통(D형)의 유량계가 1,800 psi를 나타내고 있다면 산소를 안전하게 투여할 수 있는 최대 시간은? (단, D형 산소통 상수 0.16, 안전잔류량 200 psi로 한다.)",text_only,,15분,25분,35분,45분,2,272,Human,300,221,0,81.25,657.7368255833759,3.978081561390913,0,0,0,N/A,0.0,2,True,2,N/A - Human Test,
273,소방안전교육사,2024,A,구급 및 응급처치론,39,성인의 경우 심장성 심정지의 주요 원인은?,text_only,,넙다리근육 손상,심장동맥 질환,뼈대계통 손상,위십이지장궤양,2,273,Human,300,222,0,81.31868131868131,659.3362604379557,1.5994348545798516,0,0,0,N/A,0.0,2,True,2,N/A - Human Test,
274,소방안전교육사,2024,A,교육학개론,84,매슬로우(A. Maslow)의 욕구 위계 중 성장욕구가 아닌 것은?,text_only,,심미적 욕구,존중의 욕구,인지적 욕구,자아실현의 욕구,2,274,Human,300,223,0,81.38686131386861,661.0587287428879,1.7224683049321479,0,0,0,N/A,0.0,2,True,2,N/A - Human Test,
275,소방안전교육사,2020,B,소방학개론,15,"가스 A(연소하한계: 5 vol%)가 40 vol%, 가스 B(연소하한계: 4 vol%)가 60 vol%인 혼합가스의 연소하한계(vol%)는 약 얼마인가?",text_only,,4.35,4.45,4.55,4.65,1,275,Human,300,224,0,81.45454545454545,663.6014200501687,2.5426913072807897,0,0,0,N/A,0.0,1,True,1,N/A - Human Test,
276,소방안전교육사,2018,A,교육학개론,90,검사의 신뢰도(reliability)에 관한 설명으로 옳지 않은 것은?,text_only,,검사가 측정대상을 안정적으로 일관성 있게 측정하는 것을 말한다.,검사의 측정결과와 미래의 준거 점수 간의 관계로 추정할 수 있다.,검사도구가 오차 없이 측정한 정도를 의미한다.,신뢰도는 관찰점수 분산에 대한 진점수 분산의 비율로 정의된다.,2,276,Human,300,225,0,81.52173913043478,666.0210779070972,2.4196578569284934,0,0,0,N/A,0.0,2,True,2,N/A - Human Test,
277,소방안전교육사,2016,A,구급 및 응급처치론,43,7세 남아에게 자동제세동기를 사용했지만 회복되지 않아 두 번째 제세동을 하고자 한다. 두 번째 제세동의 에너지량으로 옳은 것은?,text_only,,2 J/kg,4 J/kg,6 J/kg,8 J/kg,2,277,Human,300,226,0,81.58844765342961,668.3587134637908,2.337635556693629,0,0,0,N/A,0.0,2,True,2,N/A - Human Test,
278,소방안전교육사,2016,A,소방학개론,5,폭발의 종류와 폭발을 일으키는 원인물질의 연결이 옳지 않은 것은?,text_only,,분해폭발 - 아세틸렌,분진폭발 - 탄산칼슘,중합폭발 - 시안화수소,산화폭발 - 프로판,2,278,Human,300,227,0,81.65467625899281,670.9834270713066,2.624713607515654,0,0,0,N/A,0.0,2,True,2,N/A - Human Test,
279,소방안전교육사,2020,B,소방학개론,23,소화 시 자유활성기(free radical)의 생성을 차단하는 소화방법은?,text_only,,제거소화,질식소화,억제소화,냉각소화,3,279,Human,300,228,0,81.72043010752688,673.1980291776478,2.2146021063413333,0,0,0,N/A,0.0,3,True,3,N/A - Human Test,
280,소방안전교육사,2018,A,교육학개론,89,타당도에 관한 설명으로 옳지 않은 것은?,text_only,,내용타당도는 측정하려는 내용과 행동 영역을 문항들이 얼마나 적절하게 대표하고 있는 지를 나타낸다.,안면타당도는 대표적인 준거타당도이다.,공인타당도란 새로 개발된 검사의 결과가 기존의 다른 타당한 검사결과와 일치하는 정도를 말한다.,결과타당도는 검사결과의 의도적인 또는 의도하지 않은 영향 등을 분석하여 추정한다.,2,280,Human,300,229,0,81.78571428571428,675.4126312839891,2.2146021063413333,0,0,0,N/A,0.0,2,True,2,N/A - Human Test,
281,소방안전교육사,2022,A,교육학개론,91,신교육사회학에 관한 설명으로 옳지 않은 것은?,text_only,,구조기능주의에 기초한 교육사회학을 비판한다.,교육내용의 중요성을 강조한다.,지식을 사회적으로 구성되어진 것으로 본다.,지식을 학습자에 의해 구성되는 것으로 본다.,4,281,Human,300,230,0,81.85053380782918,679.5137462957323,4.101115011743209,0,0,0,N/A,0.0,4,True,4,N/A - Human Test,
282,소방안전교육사,2020,B,소방학개론,18,소화약제에 관한 설명으로 옳지 않은 것은?,text_only,,제3종 분말소화약제의 주성분은 제1인산암모늄이다.,"불활성기체소화약제란 불소, 염소, 브롬 또는 질소 중 둘 이상의 원소를 기본성분으로 하는 소화약제를 말한다.",이산화탄소소화약제의 주된 소화효과는 질식소화이다.,수용성용제의 화재에는 알코올형포소화약제가 효과적이다.,2,282,Human,300,231,0,81.91489361702128,681.8103707023085,2.296624406576197,0,0,0,N/A,0.0,2,True,2,N/A - Human Test,
283,소방안전교육사,2024,A,교육학개론,96,교육공학의 발달사를 순서대로 올게 나열한 것은?,text_only,,시각교육 - 시청각교육 - 교수공학 - 시청각통신 - 교육공학,시각교육 - 시청각교육 - 시청각통신 - 교수공학 - 교육공학,시청각교육 - 시각교육 - 교수공학 - 시청각통신 - 교육공학,시청각교육 - 시각교육 - 시청각통신 - 교수공학 - 교육공학,2,283,Human,300,232,0,81.97879858657244,685.1732850119379,3.3219031595119994,0,0,0,N/A,0.0,2,True,2,N/A - Human Test,
284,소방안전교육사,2020,B,교육학개론,95,메이거(R. Mager)가 제시한 수업목표 진술방법의 구성요소에 포함되지 않는 것은?,text_only,,내용,행동,조건,수락기준,1,284,Human,300,233,0,82.04225352112677,690.3817010768519,5.208416064913876,0,0,0,N/A,0.0,1,True,1,N/A - Human Test,
285,소방안전교육사,2018,A,구급 및 응급처치론,36,손상 부위의 고정과 통증 감소를 위하여 견인부목 적용을 고려해야 하는 경우는?,text_only,,넙다리뼈 몸통 골절,골반뼈 골절,정강뼈의 1/3 아래 골절,무릎뼈 골절,1,285,Human,300,234,0,82.10526315789474,692.3912474326061,2.0095463557541726,0,0,0,N/A,0.0,1,True,1,N/A - Human Test,
286,소방안전교육사,2024,A,구급 및 응급처치론,26,감염관리에서 소독에 관한 설명으로 옳은 것은?,text_only,,아포를 포함한 모든 미생물을 완전히 제거한다.,세균의 발육을 억제한다.,"유해한 미생물의 성장, 번식, 전파를 억제한다.",모든 병원성 미생물을 제거한다.,4,286,Human,300,234,0,81.81818181818183,694.6468606890647,2.255613256458765,0,0,0,N/A,0.0,3,False,3,N/A - Human Test,
287,소방안전교육사,2020,B,재난관리론,52,재난 및 안전관리 기본법상 재난관리 4단계를 순서대로 바르게 나열한 것은?,text_only,O,예방 - 대응 - 대비 - 복구,대비 - 예방 - 대응 - 복구,대비 - 대응 - 예방 - 복구,예방 - 대비 - 대응 - 복구,4,287,Human,300,235,0,81.8815331010453,696.943485095641,2.296624406576197,0,0,0,N/A,0.0,4,True,4,N/A - Human Test,
288,소방안전교육사,2020,B,소방학개론,21,분말소화약제와 분말소화기에 관한 설명으로 옳은 내용을 모두 고른 것은?\n\nㄱ. 제1종 분말소화약제의 주성분은 탄산수소나트륨이다.\nㄴ. 제2종 분말소화약제는 담회색으로 착색되어 있다.\nㄷ. 제3종 분말소화약제는 A급화재에 적응성이 있다.\nㄹ. 분말소화기의 내용연수는 20년이다.,text_only,,ㄱ,"ㄴ, ㄷ","ㄱ, ㄴ, ㄷ","ㄱ, ㄴ, ㄹ",3,288,Human,300,235,0,81.59722222222221,698.3378641996336,1.3943791039926912,0,0,0,N/A,0.0,4,False,4,N/A - Human Test,
289,소방안전교육사,2014,A,구급 및 응급처치론,34,"코의 전방에 손상을 입어 코피를 흘리는 환자가 있다. 지혈하는 방법으로 옳지 않은 것은? (단, 머리뼈 골절은 없다.)",text_only,,코 위에 얼음물 주머니를 댄다.,콧방울을 손가락으로 눌러 압박한다.,머리를 뒤로 젖힌다.,혈압이 높거나 불안해 하는 경우 최대한 안정시킨다.,3,289,Human,300,236,0,81.66089965397923,701.9878565600851,3.608981210334024,0,0,0,N/A,0.0,3,True,3,N/A - Human Test,
290,소방안전교육사,2022,A,소방학개론,21,건축물 화재 시 인간의 특징에 관한 설명으로 옳지 않은 것은?,text_only,,최초에 행동을 개시한 사람을 쫓아가려는 경향이 있다.,"화염, 연기에 대한 공포감으로 발화지점의 반대방향으로 이동하려는 경향이 있다.",화재 시에는 시야가 흐려지므로 빛이 있는 밝은 곳으로 향하는 경향이 있다.,오른손잡이는 오른손과 오른발이 발달하여 보행시 자연적으로 우측으로 행동하는 경향이 있다.,4,290,Human,300,237,0,81.72413793103448,704.7356036179531,2.7477470578679504,0,0,0,N/A,0.0,4,True,4,N/A - Human Test,
291,소방안전교육사,2018,A,소방학개론,21,화재 시 발생되는 연소가스에 관한 설명으로 옳지 않은 것은?,text_only,,"'HCN'은 청산가스라고도 하며 주로 수지류, 모직물 및 견직물이 탈 때 발생하는 맹독성 가스이다.",'CH$_2$CHCHO'는 석유제품 및 유지류 등이 탈 때 생성되는 맹독성 가스이다.,'SO$_2$'는 질산셀룰로오스 또는 질산암모늄과 같은 질산염계통의 무기물질이 탈 때 발생된다.,"'HCl'는 PVC와 같은 수지류가 탈 때 주로 생성되며, 금속에 대한 부식성이 강하다.",3,291,Human,300,238,0,81.78694158075601,706.9502057242944,2.2146021063413333,0,0,0,N/A,0.0,3,True,3,N/A - Human Test,
292,소방안전교육사,2024,A,교육학개론,91,타일러(R. Tyler)가 제시한 교육과정 개발시 수행해야 할 과제가 아닌 것은?,text_only,,목표의 설정,학습경험의 선정,학습경험의 조직,효율적 매체의 선정,4,292,Human,300,239,0,81.84931506849315,708.5906517289917,1.5994348545798516,0,0,0,N/A,0.0,4,True,4,N/A - Human Test,
293,소방안전교육사,2019,B,구급 및 응급처치론,49,깊고 빠른 호흡양상을 보이며 뇌졸중이나 뇌줄기 손상 시 정상 환기 조절이 되지않아 호흡성 알칼리증이 나타나는 호흡은?,text_only,,체인-스토크스(Cheyne-Stokes) 호흡,쿠스마울(Kussmaul) 호흡,중추신경성 과다호흡(hyperventilation),비오(Biot) 호흡,3,293,Human,300,240,0,81.91126279863481,710.7232315350982,2.132579806106469,0,0,0,N/A,0.0,3,True,3,N/A - Human Test,
294,소방안전교육사,2024,A,소방학개론,9,소화약제의 공통적 성질로 옳지 않은 것은?,text_only,,현저한 독성이 없어야 한다.,열과 접촉할 때 현저한 부식성의 가스를 발생하지 않아야 한다.,"수용액의 소화약제는 결정의 석출, 용액의 분리 등이 생겨야 한다.",현저한 부식성이 없어야 한다.,3,294,Human,300,241,0,81.97278911564626,712.2406440894431,1.5174125543449875,0,0,0,N/A,0.0,3,True,3,N/A - Human Test,
295,소방안전교육사,2019,B,재난관리론,69,자연재해대책법상 다음에서 정의하는 용어는?\n\n자연재해에 영향을 미치는 행정계획으로 인한 재해 유발 요인을 예측 · 분석하고 이에 대한 대책을 마련하는 것을 말한다.,text_only,O,자연재해지감 종합계획,재해영향성검토,재해영향평가,침수흔적도,2,295,Human,300,242,0,82.03389830508473,713.6350231934358,1.3943791039926912,0,0,0,N/A,0.0,2,True,2,N/A - Human Test,
296,소방안전교육사,2014,A,소방학개론,25,위험물안전관리법령상 위험물제조소의 표지 및 게시판 기준에 관한 설명으로 옳지 않은 것은?,text_only,O,제조소 표지의 규격은 한 변이 0.3m 이상 다른 한 변이 0.4m 이상인 직사각형으로 하여야 한다.,제조소 표지와 게시판의 바탕은 백색이며 문자는 흑색으로 하여야 한다.,주의사항을 표시한 게시판 중 '물기엄금'은 청색바탕에 백색문자로 한다.,제2류 위험물(인화성 고체 제외)에 있어서는 '화기주의'를 기재하여 게시하여야 한다.,1,296,Human,300,242,0,81.75675675675676,716.7518706023607,3.116847408924839,0,0,0,N/A,0.0,4,False,4,N/A - Human Test,
297,소방안전교육사,2020,B,구급 및 응급처치론,47,뼈대근(골격근)의 긴장을 감소시키면서 불안을 완화시키는 비약물적 통증관리는?,text_only,,아스피린 투여,이완요법,경피전기신경자극(TENS),자기조절진통법(PCA),2,297,Human,300,243,0,81.81818181818183,718.5563612075277,1.804490605167012,0,0,0,N/A,0.0,2,True,2,N/A - Human Test,
298,소방안전교육사,2020,B,구급 및 응급처치론,27,심폐소생술에서 가슴압박이 적절하더라도 발생할 수 있는 합병증은?,text_only,,폐타박상,위 내용물의 역류,구토,폐흡인,1,298,Human,300,243,0,81.54362416107382,723.6007326719719,5.044371464444147,0,0,0,N/A,0.0,2,False,2,N/A - Human Test,
299,소방안전교육사,2018,A,구급 및 응급처치론,46,진드기에 물려 붓고 가려을 때의 처치 방법으로 옳지 않은 것은?,text_only,,비눗물로 씻는다.,얼음찜질을 해준다.,칼라민 로션을 바른다.,식초나 레몬주스를 바른다.,4,299,Human,300,244,0,81.60535117056857,726.0614016790178,2.4606690070459254,0,0,0,N/A,0.0,4,True,4,N/A - Human Test,
300,소방안전교육사,2018,A,교육학개론,76,번스타인(B. Bernstein)은 '정교한 어법(elaborated code)과 제한된 어법(restricted code)이라는 개념으로 계층별 언어형태의 차이를 설명한 바 있다. 이에 관한 설명으로 옳지 않은 것은?,text_only,,가정의 언어적 환경과 학업성취도의 관계를 연구함으로써 노동계층이 왜 학교에서 실패하는지 그 메커니즘을 밝혔다.,"가정의 사회화 과정에서 아동이 습득하게 되는 언어형태와 인지양식은 학교에서의 학습과정에 영향을 미치고, 결과적으로 학업성취도에 영향을 미친다.","학교 수업에서는 공식적이고 정교한 어법으로 의사소통하므로, 이에 익숙한 중류계층이 유리하다.","중류계층 어머니는 자녀의 행위를 유도하기 위해 부모-자식 간의 귀속적 위계관계를 내세우지만, 노동계층 어머니는 자녀의 행위를 유도하기 위해 타당한 이유를 설명한다.",4,300,Human,300,245,0,81.66666666666667,728.2760037853591,2.2146021063413333,0,0,0,N/A,0.0,4,True,4,N/A - Human Test,
